title,years,eps,desc,image,id
Attack on Titan,2013–2023,98 eps,"After his hometown is destroyed, young Eren Jaeger vows to cleanse the earth of the giant humanoid Titans that have brought humanity to the brink of extinction.",https://m.media-amazon.com/images/M/MV5BNjY4MDQxZTItM2JjMi00NjM5LTk0MWYtOTBlNTY2YjBiNmFjXkEyXkFqcGc@._V1_QL75_UY281_CR9,PGxxE3
Death Note,2006–2007,37 eps,An intelligent high school student goes on a secret crusade to eliminate criminals from the world after discovering a notebook capable of killing anyone whose name is written into it.,https://m.media-amazon.com/images/M/MV5BYTgyZDhmMTEtZDFhNi00MTc4LTg3NjUtYWJlNGE5Mzk2NzMxXkEyXkFqcGc@._V1_QL75_UX190_CR0,1yDltF
One Piece,1999–,1137 eps,"Monkey D. Luffy sets off on an adventure with his pirate crew in hopes of finding the greatest treasure ever, known as the ""One Piece.""",https://m.media-amazon.com/images/M/MV5BMTNjNGU4NTUtYmVjMy00YjRiLTkxMWUtNzZkMDNiYjZhNmViXkEyXkFqcGc@._V1_QL75_UY281_CR8,j27rl6
Fullmetal Alchemist: Brotherhood,2009–2010,68 eps,Two brothers search for a Philosopher's Stone after an attempt to revive their deceased mother goes awry and leaves them in damaged physical forms.,https://m.media-amazon.com/images/M/MV5BMzNiODA5NjYtYWExZS00OTc4LTg3N2ItYWYwYTUyYmM5MWViXkEyXkFqcGc@._V1_QL75_UY281_CR6,qEgAcE
One Punch Man,2015–,25 eps,"The story of Saitama, a hero that does it just for fun & can defeat his enemies with a single punch.",https://m.media-amazon.com/images/M/MV5BNzMwOGQ5MWItNzE3My00ZDYyLTk4NzAtZWIyYWI0NTZhYzY0XkEyXkFqcGc@._V1_QL75_UX190_CR0,0d6ptp
Naruto: Shippuden,2007–2017,501 eps,"Naruto Uzumaki, is a loud, hyperactive, adolescent ninja who constantly searches for approval and recognition, as well as to become Hokage, who is acknowledged as the leader and strongest of all ninja in the village.",https://m.media-amazon.com/images/M/MV5BNTk3MDA1ZjAtNTRhYS00YzNiLTgwOGEtYWRmYTQ3NjA0NTAwXkEyXkFqcGc@._V1_QL75_UY281_CR4,2d7VGq
Demon Slayer: Kimetsu no Yaiba,2019–,69 eps,"A family is attacked by demons and only two members survive - Tanjiro and his sister Nezuko, who is turning into a demon slowly. Tanjiro sets out to become a demon slayer to avenge his family and cure his sister.",https://m.media-amazon.com/images/M/MV5BMWU1OGEwNmQtNGM3MS00YTYyLThmYmMtN2FjYzQzNzNmNTE0XkEyXkFqcGc@._V1_QL75_UX190_CR0,q2ij49
Dragon Ball Z,1996–2003,277 eps,"With the help of the powerful Dragonballs, a team of fighters led by the saiyan warrior Goku defend the planet earth from extraterrestrial enemies.",https://m.media-amazon.com/images/M/MV5BN2VlNTdlMzQtYzE5OC00YmYwLTgyZTItYjEzMWY0ZDNjMTJhXkEyXkFqcGc@._V1_QL75_UY281_CR4,N1PWTi
Hunter x Hunter,2011–2014,148 eps,"Gon Freecss aspires to become a Hunter, an exceptional being capable of greatness. With his friends and his potential, he seeks out his father, who left him when he was younger.",https://m.media-amazon.com/images/M/MV5BYzYxOTlkYzctNGY2MC00MjNjLWIxOWMtY2QwYjcxZWIwMmEwXkEyXkFqcGc@._V1_QL75_UY281_CR4,0HrdF6
Cowboy Bebop,1998–1999,26 eps,The futuristic misadventures and tragedies of an easygoing bounty hunter and his partners.,https://m.media-amazon.com/images/M/MV5BMTU3ZTdiOGQtYmYwYy00OGM5LThmNjMtZGJmNTVlZjk1ZmEyXkEyXkFqcGc@._V1_QL75_UY281_CR8,hOffM9
Naruto,2002–2007,220 eps,"Naruto Uzumaki, a mischievous adolescent ninja, struggles as he searches for recognition and dreams of becoming the Hokage, the village's leader and strongest ninja.",https://m.media-amazon.com/images/M/MV5BZTNjOWI0ZTAtOGY1OS00ZGU0LWEyOWYtMjhkYjdlYmVjMDk2XkEyXkFqcGc@._V1_QL75_UY281_CR1,9VlNa7
Jujutsu Kaisen,2020–,48 eps,A boy swallows a cursed talisman - the finger of a demon - and becomes cursed himself. He enters a shaman's school to be able to locate the demon's other body parts and thus exorcise himself.,https://m.media-amazon.com/images/M/MV5BNmI1MmYxNWQtY2E5NC00ZTlmLWIzZGEtNzM1YmE3NDA5NzhjXkEyXkFqcGc@._V1_QL75_UX190_CR0,WnxJQw
Neon Genesis Evangelion,1995–1996,26 eps,A teenage boy finds himself recruited as a member of an elite team of pilots by his father.,https://m.media-amazon.com/images/M/MV5BZjZjZGI3ZDQtODNmZC00NjE0LTlmYTUtOTljMWI2YjNmMTQ0XkEyXkFqcGc@._V1_QL75_UY281_CR5,j9nZ4n
Cyberpunk: Edgerunners,2022,10 eps,"A Street Kid trying to survive in a technology and body modification-obsessed city of the future. Having everything to lose, he chooses to stay alive by becoming an Edgerunner, a Mercenary outlaw also known as a Cyberpunk.",https://m.media-amazon.com/images/M/MV5BM2JkMzM2ZmYtNWU4MS00MjZhLWFhZWUtYWFjYTJkN2RhZDliXkEyXkFqcGc@._V1_QL75_UX190_CR0,GrFH2q
My Hero Academia,2016–,167 eps,"A superhero-admiring boy enrolls in a prestigious hero academy and learns what it really means to be a hero, after the strongest superhero grants him his own powers.",https://m.media-amazon.com/images/M/MV5BNzgxMzI3NzgtYzE2Zi00MzlmLThlNWEtNWVmZWEyZjNkZWYyXkEyXkFqcGc@._V1_QL75_UY281_CR5,Ook7yB
Vinland Saga,2019–2023,48 eps,"Following a tragedy, Thorfinn embarks on a journey with the man responsible for it to take his life in a duel as a true and honorable warrior to pay homage.",https://m.media-amazon.com/images/M/MV5BNDA3MGNmZTEtMzFiMy00ZmViLThhNmQtMjQ4ZDc5MDEyN2U1XkEyXkFqcGc@._V1_QL75_UY281_CR5,1Su63C
Code Geass,2006–2008,54 eps,"After being given a mysterious power to control others, an outcast prince becomes the masked leader of the rebellion against an all-powerful empire.",https://m.media-amazon.com/images/M/MV5BNTk4MWYwNmUtODFjNC00NWJhLWExNGYtMGU4YmRlNzEwOTY1XkEyXkFqcGc@._V1_QL75_UY281_CR4,z401Sj
Steins;Gate,2011–2015,26 eps,"After discovering time travel, a university student and his colleagues must use their knowledge of it to stop an evil organization and their diabolical plans.",https://m.media-amazon.com/images/M/MV5BZjI1YjZiMDUtZTI3MC00YTA5LWIzMmMtZmQ0NTZiYWM4NTYwXkEyXkFqcGc@._V1_QL75_UX190_CR0,RYed35
Bleach,2004–2023,386 eps,"High school student Ichigo Kurosaki, who has the ability to see ghosts, gains soul reaper powers from Rukia Kuchiki and sets out to save the world from ""Hollows"".",https://m.media-amazon.com/images/M/MV5BOWQwOWY5NTUtMjAyZi00YjQzLTkwODgtNmQwZjU1MGIzZDhjXkEyXkFqcGc@._V1_QL75_UX190_CR0,nAgC7n
Dragon Ball,1986–1989,153 eps,"Son Gokû, a fighter with a monkey tail, goes on a quest with an assortment of odd characters in search of the Dragon Balls, a set of crystals that can give its bearer anything they desire.",https://m.media-amazon.com/images/M/MV5BMGQ0ZWE4NDYtYWY0Mi00MjE0LWI1MzctZDA1NGExYzE3N2FiXkEyXkFqcGc@._V1_QL75_UX190_CR0,bo0Q7Y
Tokyo Ghoul,2014,12 eps,"A Tokyo college student is attacked by a ghoul, a superpowered human who feeds on human flesh. He survives, but has become part ghoul and becomes a fugitive on the run.",https://m.media-amazon.com/images/M/MV5BZWI2NzZhMTItOTM3OS00NjcyLThmN2EtZGZjMjlhYWMwODMzXkEyXkFqcGc@._V1_QL75_UY281_CR4,IVLHOi
Chainsaw Man,2022,12 eps,"Following a betrayal, a young man left for dead is reborn as a powerful devil-human hybrid after merging with his pet devil and is soon enlisted into an organization dedicated to hunting devils.",https://m.media-amazon.com/images/M/MV5BZGY2ZTM2MWMtNzA2OS00ZjJlLWIwZTMtMDBhN2EwYjZjZjEyXkEyXkFqcGc@._V1_QL75_UY281_CR0,y6ZbRn
Erased,2016,13 eps,"29-year-old Satoru Fujinuma is sent back in time 18 years to prevent the events leading to his mother's death, which began with a series of kidnappings while he was in 5th grade.",https://m.media-amazon.com/images/M/MV5BZWQ2YmI5NWMtZTY2Mi00MGUxLWFhMmEtYjVjZjMwOTNkOThjXkEyXkFqcGc@._V1_QL75_UY281_CR4,kBlVlL
Berserk,1997–1998,25 eps,"Guts, a wandering mercenary, joins the Band of the Hawk after being defeated in a duel by Griffith, the group's leader and founder. Together, they dominate every battle, but something menacing lurks in the shadows.",https://m.media-amazon.com/images/M/MV5BZmE1YTFlZWMtYzRkYi00MWU0LWIwODctZmYzMDExZGRkM2NmXkEyXkFqcGc@._V1_QL75_UY281_CR5,NY9qfZ
Samurai Champloo,2004–2005,26 eps,"Fuu, a waitress who works in a teahouse, rescues two master swordsmen, Mugen and Jin, from their execution to help her find the ""samurai who smells of sunflowers.""",https://m.media-amazon.com/images/M/MV5BMjBhZTY4NzMtOGU3OC00ZDllLWE2ZjUtMGFjYTU5OWI0YTQ2XkEyXkFqcGc@._V1_QL75_UY281_CR1,MIF7qO
Sword Art Online,2012–,100 eps,"In the year 2022, thousands of people get trapped in a new virtual MMORPG and the lone wolf player, Kirito, works to escape.",https://m.media-amazon.com/images/M/MV5BN2NhYzU2NDEtYzI1NS00MjgzLThjZGUtOTYxNGJkZjZmNDdjXkEyXkFqcGc@._V1_QL75_UY281_CR6,pt9TkL
Parasyte: The Maxim,2014–2015,24 eps,"17-year-old Shinichi Izumi is partially infected by a Parasyte, monsters that butcher and consume humans. He must learn to co-exist with the creature if he is to survive both the life of a Parasyte and a human as part monster, part person.",https://m.media-amazon.com/images/M/MV5BMzg2YjA0NGYtYjQwMS00MDQyLWFlNWMtODVhNTBkYWIyNjE1XkEyXkFqcGc@._V1_QL75_UX190_CR0,2Xd8sS
Monster,2004–2005,75 eps,"Tenma, a brilliant neurosurgeon with a promising future, risks his career to save the life of a critically wounded young boy. The boy, now a charismatic young man, reappears 9 years later in the midst of a string of unusual serial murders.",https://m.media-amazon.com/images/M/MV5BOWY4NDkyNzktNjViNy00NmMxLTliYmMtZWJkNDM4YzEzNzA4XkEyXkFqcGc@._V1_QL75_UX190_CR0,KXSXYO
Mob Psycho 100,2016–2022,37 eps,"A psychic middle school boy tries to live a normal life and keep his growing powers under control, even though he constantly gets into trouble.",https://m.media-amazon.com/images/M/MV5BYzU3NDM4ZjgtY2UyMi00YTczLTgyNDEtMjBiMDJlOGUxNjcxXkEyXkFqcGc@._V1_QL75_UX190_CR0,R0YCV6
The Promised Neverland,2019–2021,24 eps,"When three gifted kids at an isolated idyllic orphanage discover the secret and sinister purpose they were raised for, they look for a way to escape from their evil caretaker and lead the other children in a risky escape plan.",https://m.media-amazon.com/images/M/MV5BMGQ4ZGJhZTUtZDQ5Mi00NTI1LWEyYjItMzIxM2VlNmY4MDEyXkEyXkFqcGc@._V1_QL75_UX190_CR0,9NL6dG
Pokémon,1997–2023,1235 eps,"Covering the continuing adventures of series protagonist Ash Ketchum and Pikachu, and his best friend Brock, the two meet a new coordinator named Dawn, who travels with them through Sinnoh and enters Pokemon Contests.",https://m.media-amazon.com/images/M/MV5BMzE0ZDU1MzQtNTNlYS00YjNlLWE2ODktZmFmNDYzMTBlZTBmXkEyXkFqcGc@._V1_QL75_UX190_CR0,ABYiSa
Bleach: Thousand-Year Blood War,2022–,40 eps,"The peace is suddenly broken when warning sirens blare through the Soul Society. Residents are disappearing without a trace and nobody knows who's behind it. Meanwhile, a darkness is approaching Ichigo and his friends in Karakura Town.",https://m.media-amazon.com/images/M/MV5BMjgyM2QzMjAtOGZjOS00OGFkLTkxZGYtMDJjZGM5MzIzYmM3XkEyXkFqcGc@._V1_QL75_UY281_CR5,BqtNpp
Spy x Family,2022–,38 eps,"A spy on an undercover mission gets married and adopts a child as part of his cover. His wife and daughter have secrets of their own, and all three must strive to keep together.",https://m.media-amazon.com/images/M/MV5BZDkwNjc0NWEtNzJlOC00N2YwLTk4MjktZGFlZDE2Y2QzOWI0XkEyXkFqcGc@._V1_QL75_UX190_CR0,G3QUuU
Your Lie in April,2014–2015,24 eps,A piano prodigy who lost his ability to play after suffering a traumatic event in his childhood is forced back into the spotlight by an eccentric girl with a secret of her own.,https://m.media-amazon.com/images/M/MV5BZGMyYmFmNzgtMWQ4NS00MWE2LTg4YmEtZGY1MTBiODE0YmE5XkEyXkFqcGc@._V1_QL75_UX190_CR0,vXk8Ex
The Seven Deadly Sins,2014–2021,101 eps,"The story of the Seven Deadly Sins, a group of warriors who were wrongly accused of a crime they didn't commit and went on a quest to vindicate themselves.",https://m.media-amazon.com/images/M/MV5BODgxZGI4NjQtODViMy00Y2JmLWI1MTktNWExMjlmMmZhMzE3XkEyXkFqcGc@._V1_QL75_UY281_CR4,DCecXe
Haikyu!!,2014–2020,89 eps,"Determined to be like the volleyball championship's star player nicknamed ""the small giant"", Shoyo joins his school's volleyball club.",https://m.media-amazon.com/images/M/MV5BYjYxMWFlYTAtYTk0YS00NTMxLWJjNTQtM2E0NjdhYTRhNzE4XkEyXkFqcGc@._V1_QL75_UX190_CR0,Yaiir5
JoJo's Bizarre Adventure,2012–,194 eps,"The story of the Joestar family, who are possessed with intense psychic strength, and the adventures each member encounters throughout their lives.",https://m.media-amazon.com/images/M/MV5BMzIyNzY4NTMtNmVhYS00OWFhLTkwMWMtOGFkNTdmNWU2ZDdiXkEyXkFqcGc@._V1_QL75_UY281_CR4,XYUCoL
Black Clover,2017–2021,170 eps,"Asta and Yuno were abandoned together at the same church and have been inseparable since. As children, they promised that they would compete against each other to see who would become the next Emperor Magus.",https://m.media-amazon.com/images/M/MV5BZmZkZjNhMWMtM2U0Mi00MjdlLTk3NmMtMTMwZjgwOTJmODMzXkEyXkFqcGc@._V1_QL75_UX190_CR0,zHx765
Dragon Ball Super,2015–2018,131 eps,"Six months after the defeat of Majin Buu, the mighty Saiyan Son Goku continues his quest on becoming stronger.",https://m.media-amazon.com/images/M/MV5BYTgyMzA5MjEtNDY3Ny00ZDkyLWJhYzEtYzI2Nzk5Mzc3ZDk1XkEyXkFqcGc@._V1_QL75_UX190_CR0,WHxCzq
Elfen Lied,2004,14 eps,"Two university students come across a seemingly harmless girl named Lucy, unaware that she's actually a mutant serial killer with a split personality.",https://m.media-amazon.com/images/M/MV5BYmNlZjlmNGYtOWU3ZC00ZjE3LWJjNzctMjhjNDRkMzg3NGUxXkEyXkFqcGc@._V1_QL75_UX190_CR0,ZAet5A
Solo Leveling,2024–,14 eps,Follows the adventures of Sung Jinwoo in a world that is constantly threatened by monsters and evil forces. In his battles Sung transforms himself from the weakest hunter of all mankind to one of the strongest hunters in existence.,https://m.media-amazon.com/images/M/MV5BM2M4YzdkMTEtMjUyYy00ZWY0LWI5ODQtNGRkZWQ1MzU5MWM2XkEyXkFqcGc@._V1_QL75_UY281_CR5,DEL6GU
Violet Evergarden,2018,14 eps,"In the aftermath of a great war, Violet Evergarden, a young female ex-soldier, gets a job at a writers' agency and goes on assignments to create letters that can connect people.",https://m.media-amazon.com/images/M/MV5BMWUwNDFiNjQtYjQ0MC00MTcxLWE0MGQtNTdkYTlhZGU2NDFmXkEyXkFqcGc@._V1_QL75_UY281_CR1,znOwnv
Akame ga Kill!,2014,49 eps,A countryside boy named Tatsumi sets out on a journey to The Capital to make a name for himself and met a seemingly dangerous group of Assassins known as Night Raid. Their journey begins.,https://m.media-amazon.com/images/M/MV5BYTQyZGQzMmUtNjcwMy00ZThiLWFmMzMtOTA0NTI3OWE0MTU0XkEyXkFqcGc@._V1_QL75_UX190_CR0,3ekHgi
Dr. Stone,2019–,59 eps,High schooler Taiju awakens from petrification millennia after a blinding light turned humanity to stone. He finds his scientific genius friend Senku working on a plan to rebuild civilization using science.,https://m.media-amazon.com/images/M/MV5BYzZkYjM1MWMtNTY3Mi00MTMzLTlhNmQtN2ExZjFkYzdjZmFjXkEyXkFqcGc@._V1_QL75_UX190_CR0,wXEpFR
Devilman: Crybaby,2018,10 eps,"With demons reawakened and humanity in turmoil, a sensitive demon-boy is led into a brutal, degenerate war against evil by his mysterious friend, Ryo.",https://m.media-amazon.com/images/M/MV5BMjRjOGI4M2YtMGQ4NC00OTk3LTg4MWItYjBjYzNiOGI0Y2ZkXkEyXkFqcGc@._V1_QL75_UY281_CR5,Q97HNF
Boruto: Naruto Next Generations,2017–2023,293 eps,"Son of Naruto Uzumaki, Boruto, follows his father's footsteps along with his friends to become great ninja. Throughout all their adventures, Boruto is determined to make his mark in the ninja world and live outside of his father's shadow.",https://m.media-amazon.com/images/M/MV5BNDgzYzNhOGUtMWI1Mi00YjJkLWI2NGItOWFlNDE4ZjE0NGExXkEyXkFqcGc@._V1_QL75_UY281_CR5,3UTJAQ
Fairy Tail,2009–2019,339 eps,"Lucy, an aspiring Celestial Wizard, becomes a friend and ally to powerful wizards Natsu, Gray, and Erza, who are part of the (in)famous wizard guild, Fairy Tail.",https://m.media-amazon.com/images/M/MV5BODlhNTQ3ZDgtMDJlMC00YzdmLWE3ZTMtOWNmMTZkN2I2MzI5XkEyXkFqcGc@._V1_QL75_UY281_CR4,ZjCC15
Re: Zero - Starting Life in Another World,2016–,94 eps,"After being suddenly transported to another world, Subaru Natsuki and his new female partner are brutally murdered. However, Subaru awakens to a familiar scene, meeting the same girl again. The day begins to mysteriously repeat itself.",https://m.media-amazon.com/images/M/MV5BNTY1M2NjMTItOGFhNi00NDU3LWExNzQtZGY2YWJlYzExNmU3XkEyXkFqcGc@._V1_QL75_UX190_CR0,PZnCkc
Hellsing Ultimate,2006–2012,10 eps,"The vampire Alucard, his master Sir Integra Fairbrook Wingates Hellsing, and his newly sired ward Seras Victoria, try to protect England from a war-crazed SS-Major who seeks to start an eternal war with his vampire army.",https://m.media-amazon.com/images/M/MV5BZTA2OWJiYzgtZWFiOS00ZmYyLWFiMjMtYzg5YjNlMTA5NGJjXkEyXkFqcGc@._V1_QL75_UX190_CR0,ogmwUv
Frieren: Beyond Journey's End,2023–2024,28 eps,Elf mage Frieren and her fellow adventurers have defeated the Demon King and brought peace to the land. But Frieren will long outlive the rest of her former party. How will she come to understand what life means to the people around her?,https://m.media-amazon.com/images/M/MV5BZTI4ZGMxN2UtODlkYS00MTBjLWE1YzctYzc3NDViMGI0ZmJmXkEyXkFqcGc@._V1_QL75_UX190_CR0,09zszr
Tokyo Revengers,2021–,51 eps,"Hanagaki Takemichi lives an unsatisfying life right up until his death. Waking up 12 years in the past, he reckons with the eventual fate of his friends and tries to prevent an unfortunate future.",https://m.media-amazon.com/images/M/MV5BNGU3YzdhMWEtMGRkMC00MzY2LThkOGEtMDFmZDE0NGQxYzFjXkEyXkFqcGc@._V1_QL75_UY281_CR18,4ArQro
Dragon Ball Z Kai,2009–2015,167 eps,"Goku is settled with his family and is living in peace. Unfortunately, his peaceful time is momentary as a visitor crashes into the planet claiming to be his brother.",https://m.media-amazon.com/images/M/MV5BZDFjM2MyODktNGIxNy00NjQyLWE0ZmYtNTlkNmRhOThkYTc0XkEyXkFqcGc@._V1_QL75_UY281_CR4,98CjLp
Star Wars: Visions,2021–,18 eps,An anthology of animated shorts from around the world celebrating the mythology of Star Wars through unique cultural perspectives.,https://m.media-amazon.com/images/M/MV5BYWM4NTVjNDMtZmJmMy00M2RkLTkyZjQtNTljYzMyMjVmY2Y3XkEyXkFqcGc@._V1_QL75_UX190_CR0,e7vXnk
Trigun,1998,26 eps,Vash the Stampede is the most infamous outlaw on the planet Gunsmoke and with a 60 billion double dollar price on his head the most sought after.,https://m.media-amazon.com/images/M/MV5BNjVjZDE0MzEtN2Q1Mi00YjgyLWE0NTMtMWJiNDA5MGRmMmM2XkEyXkFqcGc@._V1_QL75_UY281_CR4,EXHVvW
Mushoku Tensei: Jobless Reincarnation,2021–,49 eps,"A 34-year-old underachiever gets run over by a bus, but his story isn't over. Reincarnated as an infant, he'll embark on an epic adventure.",https://m.media-amazon.com/images/M/MV5BYWQwNjk3MDItNDAxMS00YTQ2LWEyNDctMGYyZTE5OGQxNGQ1XkEyXkFqcGc@._V1_QL75_UX190_CR0,VKQKCK
Yu-Gi-Oh!,2000–2006,224 eps,"Yugi Moto solves an Ancient Egyptian Puzzle and brings forth a dark and powerful alter ego. Whenever he and his friends are threatened by evil in Duel Monster Card Game, this alter ego breaks out to save them.",https://m.media-amazon.com/images/M/MV5BYzNkNjA1YTctMzU3ZS00ZWY3LWJjNjYtMTgyMmI0YWVkNjU4XkEyXkFqcGc@._V1_QL75_UY281_CR4,nTNkJB
Digimon: Digital Monsters,1999–2007,205 eps,"A group of young teens is unexpectedly sent to the mysterious Digital World and paired up with their own powerful, morphing monster called the Digimon. Together the entire group set out on an adventure to fight evil and save the world.",https://m.media-amazon.com/images/M/MV5BZmZjN2I2OGEtMzJkMS00Y2I2LWI0ZGQtMjExNzY0Mzk1YjEwXkEyXkFqcGc@._V1_QL75_UX190_CR0,FIyEuK
Psycho-Pass,2012–2019,41 eps,"Believing in humanity and order, policewoman Akane Tsunemori obeys the ruling, computerized, precognitive Sibyl System. But when she faces a criminal mastermind who can elude this perfect system, she questions both Sibyl and herself.",https://m.media-amazon.com/images/M/MV5BNjQ1OTNkZGYtODVlMC00NWI0LWJiYjItMzM4M2U4NjY0ZTYwXkEyXkFqcGc@._V1_QL75_UX190_CR0,TpYxCy
Assasination Classroom,2013–2016,49 eps,"A powerful creature claims that within a year, Earth will be destroyed by him, but he offers mankind a chance by becoming a homeroom teacher where he teaches his students about how to kill him. An assassination classroom begins.",https://m.media-amazon.com/images/M/MV5BZjBkYmRiOTAtY2IwOS00ZWU3LTk3YjItNjMzYWZiMDE1MjcyXkEyXkFqcGc@._V1_QL75_UY281_CR14,Qb31xK
Dororo,2019,24 eps,"Sightless Hyakkimaru wields fearsome prosthetics in place of the limbs his father traded to 12 demons. When he encounters the young thief Dororo, the pair sets out to reclaim Hyakkimaru's body parts and survive the demon-infested world.",https://m.media-amazon.com/images/M/MV5BYzk2ODAyZjctNjExNS00ZDk0LWE1ZDMtZmIyNzI2NjNjNjllXkEyXkFqcGc@._V1_QL75_UY281_CR1,GDYcUp
Kaguya-sama: Love is War,2019–2023,43 eps,The proudly privileged top two students of an elite school each makes it their mission to be the first to extract a confession of love from the other.,https://m.media-amazon.com/images/M/MV5BMTM1ZWViNWMtZWY2ZC00YmYyLTk1ZGEtMzRjOWI2YTM1OTI3XkEyXkFqcGc@._V1_QL75_UY281_CR5,vigVdW
Gurren Lagann,2007,28 eps,"Two friends, Simon and Kamina, become the symbols of rebellion against the powerful Spiral King, who forced mankind into subterranean villages.",https://m.media-amazon.com/images/M/MV5BMGJlODA2ZmItOTRiZS00NWM5LWJlNTQtYzI5MTNiZjA2MGFjXkEyXkFqcGc@._V1_QL75_UX190_CR0,DNXsxy
Death Parade,2015,12 eps,"After death, humans go to either heaven or hell. But for some, at the instant of their death, they arrive at the Quindecim, a bar attended by the mysterious white-haired Decim.",https://m.media-amazon.com/images/M/MV5BODRkMDEyZTItYjAzNS00Y2E2LThlNGItYjAxZjhjMDlmMjk3XkEyXkFqcGc@._V1_QL75_UY281_CR5,a0ReEC
Ghost in the Shell: Stand Alone Complex,2002–2005,52 eps,The futuristic adventures of a female cyborg counter intelligence agent and her support team.,https://m.media-amazon.com/images/M/MV5BY2NkZmQwOWQtNDc3Mi00MzVhLWI5NGUtNzg2ODBhMWZhNjgzXkEyXkFqcGc@._V1_QL75_UY281_CR12,oew7vZ
The Future Diary,2011–2013,27 eps,"A young man competes with people around the world for a chance to become the succesor of God, with a diary that is able to tell the future.",https://m.media-amazon.com/images/M/MV5BYjZjNmIxYTgtYzdkZC00Yzc5LWI5YTAtZWQ5YWNjZmQ1NTUyXkEyXkFqcGc@._V1_QL75_UY281_CR1,kzkwLO
Rurouni Kenshin,1996–1998,95 eps,The adventures of a young wandering swordsman who stumbles upon a struggling martial arts school in Meiji era Japan.,https://m.media-amazon.com/images/M/MV5BNDFlZTJjYTYtMzMzZS00OGQ3LTg1OGUtZmNhNGY1ZWMzYjY0XkEyXkFqcGc@._V1_QL75_UY281_CR3,gDIhOW
FLCL,2000–2001,6 eps,Mysterious things start happening when 12-year-old Naota meets a strange woman on a Vespa wielding a big guitar.,https://m.media-amazon.com/images/M/MV5BYjg2YzVmZWItYWMyMy00YjI2LTk0YTMtMDU1NGU0ZTRiODNlXkEyXkFqcGc@._V1_QL75_UY281_CR4,p3gMmh
Noragami,2014–2015,29 eps,"A minor god seeking to gain widespread worship teams up with a human girl he saved to gain fame, recognition and at least one shrine dedicated to him.",https://m.media-amazon.com/images/M/MV5BODhhZDgxM2EtZjZhYy00ZThkLTk2NDMtNGE0YjJlMWVlMDU1XkEyXkFqcGc@._V1_QL75_UX190_CR0,EF1XMG
Toradora!,2008–2009,25 eps,Toradora tells the tale of Ryuji (dragon) and Taiga (tiger) helping each other confess to their crushes.,https://m.media-amazon.com/images/M/MV5BNjEyZmRmMGYtNGY1Zi00MTFiLWE0ZTMtNzUzMWJmMTgzNWE5XkEyXkFqcGc@._V1_QL75_UY281_CR4,Y3RXkf
"No Game, No Life",2014,12 eps,"Siblings Sora and Shiro make up the most feared team of pro gamers in the world, The Blank. When they manage to beat God himself in a game of chess, they are sent to a world where all disputes are settled with games.",https://m.media-amazon.com/images/M/MV5BOTk5ZDZhNGUtMDM2OS00Y2RkLWEwMmQtODg4ZTZiMGY1ZjFjXkEyXkFqcGc@._V1_QL75_UY281_CR1,4HlYBo
Another,2012,13 eps,"When Sasakibara Kouichi transfers to a new school, he can sense something frightening in the atmosphere of his new class, a secret none of them will talk about. At the center is the beautiful girl Misaki Mei.",https://m.media-amazon.com/images/M/MV5BZGM2MjM0OTEtYTUwYy00NjBjLWI4NGQtZjM4NGYzMTE1ZmI4XkEyXkFqcGc@._V1_QL75_UX190_CR0,nXccff
Black Lagoon,2006,24 eps,"A Japanese businessman, captured by modern-day pirates, is written off and left for dead by his company. Tired of the corporate life, he opts to stick with the mercenaries that kidnapped him, becoming part of their gang.",https://m.media-amazon.com/images/M/MV5BMzIxYzU5YWYtZjQ5OS00MGExLWIxMWEtZjEzMDM0M2YwM2FjXkEyXkFqcGc@._V1_QL75_UY281_CR3,iVvT7v
The Rising of the Shield Hero,2019–,50 eps,"A gamer is magically summoned into a parallel universe, where he is chosen as one of four heroes destined to save the world from its prophesied doom.",https://m.media-amazon.com/images/M/MV5BZjc4ZGZkNjMtZTRkYS00Mjk4LTgwMzAtMzg1MWZlZjcxNDRhXkEyXkFqcGc@._V1_QL75_UX190_CR0,rmyCGv
Serial Experiments Lain,1998,13 eps,"Strange things start happening when a withdrawn girl named Lain becomes obsessed with an interconnected virtual realm known as ""The Wired"".",https://m.media-amazon.com/images/M/MV5BZGJiMmEyMDMtMTJlZi00YTgwLWI1ODgtZDA1YjEyM2Q5MjI3XkEyXkFqcGc@._V1_QL75_UX190_CR0,FBj0AQ
Inuyasha,2000–2004,167 eps,A teenage girl periodically travels back in time to feudal Japan to help a young half-demon recover the shards of a jewel of great power.,https://m.media-amazon.com/images/M/MV5BZjQxYThmNGEtNzU2ZS00NjZmLWEzNTItMWM2NmU0ZTc5NjY3XkEyXkFqcGc@._V1_QL75_UX190_CR0,wFoMUQ
Rascal Does Not Dream of Bunny Girl Senpai,2018,13 eps,"After experiencing ""puberty syndrome"" himself, high school pariah Sakuta keeps meeting girls suffering from it, including his sister and actor Mai.",https://m.media-amazon.com/images/M/MV5BMTg5ZDJlMjItZGI4MC00MzU2LTg2NGMtMWM3MjhmODhmMDVmXkEyXkFqcGc@._V1_QL75_UY281_CR5,2pZGiU
Tokyo Ghoul: Root A,2015,12 eps,"After being tortured and transformed, Kaneki leaves Anteku and joins Aogiri tree in order to protect his friends. While he tries to get stronger, Touka decides to enroll in college while they all try to recover from Kaneki leaving.",https://m.media-amazon.com/images/M/MV5BNWM0YzVjY2QtOTQ1ZS00NDAyLWJiMDQtMDM1ZjU5MTg0NTZiXkEyXkFqcGc@._V1_QL75_UY281_CR4,N924lL
KILL la KILL,2013–2014,25 eps,A young girl arrives at a school of superhumans to find out the truth behind her father's murder.,https://m.media-amazon.com/images/M/MV5BNjlmZTFiZTEtMGYxZS00NGQ3LWI4NjMtNTUxMGFhYTMyYzM2XkEyXkFqcGc@._V1_QL75_UX190_CR0,Xchs4g
That Time I Got Reincarnated as a Slime,2018–,85 eps,Average 37-year-old Minami Satoru dies and is reincarnated as the most unremarkable creature imaginable-a slime.,https://m.media-amazon.com/images/M/MV5BOTczMjM3MDUtYmZjMC00YzZhLWE4ODQtNjg5YWU4NTJjNzY2XkEyXkFqcGc@._V1_QL75_UX190_CR0,lZw7tj
Ergo Proxy,2006,23 eps,"In a post-apocalyptic future humans live in peace with androids in a domed city. However, a strange series of murders has intruded into bored inspector Re-l Mayer's life.",https://m.media-amazon.com/images/M/MV5BYmZmOGM3MjAtYWI3My00N2QyLWJmNTctNTE5MTU2ZjcxYzNiXkEyXkFqcGc@._V1_QL75_UY281_CR11,pHN38P
Horimiya,2021,13 eps,Two very different people - an academically successful schoolgirl and a quiet loser schoolboy - meet and develop a friendship.,https://m.media-amazon.com/images/M/MV5BOGUzYmZkZjItNjI5Yi00NjllLThiMjUtYTY0MDI4M2Y0MmZlXkEyXkFqcGc@._V1_QL75_UY281_CR5,TgKf3F
Made in Abyss,2017–,27 eps,"A girl and her robot companion search for her mother, who's lost within a vast chasm.",https://m.media-amazon.com/images/M/MV5BZjM4ODA5YTktNjliMC00NzI5LTk3ZTctZWYyYWEyNTJhMmQzXkEyXkFqcGc@._V1_QL75_UY281_CR4,dssd49
Yu Yu Hakusho: Ghost Files,1992–1995,112 eps,"After a teenage delinquent is killed while saving a child's life from an approaching car, the rulers of the underworld send him back to become an ""Underworld Detective"" investigating demons apparitions in the human world.",https://m.media-amazon.com/images/M/MV5BNWJmODlhODItZTZmYi00ZGNjLTk1NmYtMjE5M2IwYjI2MzI2XkEyXkFqcGc@._V1_QL75_UX190_CR0,mQcG6C
Blue Lock,2022–,35 eps,High school soccer players from across Japan gather for a controversial project designed to create the best and most egoistic striker in the world.,https://m.media-amazon.com/images/M/MV5BNWFlNmJkN2YtNGRiZS00NjExLTlmNmEtYzdiMTdiZmMzYzAwXkEyXkFqcGc@._V1_QL75_UX190_CR0,5y7uMu
Angel Beats!,2010,16 eps,Rebellious teens fight in armed combat against one dispassionate girl's supernatural powers in an afterlife high school.,https://m.media-amazon.com/images/M/MV5BN2NlOWI5OTMtODRhZi00NjY3LTljZTUtYTQwZTMxOTBjNzE5XkEyXkFqcGc@._V1_QL75_UY281_CR1,OaBhw9
Gintama,2005–2021,375 eps,"In an era where aliens have invaded and taken over feudal Tokyo, an unemployed samurai finds work however he can.",https://m.media-amazon.com/images/M/MV5BNTMzNjE0N2ItNjFiYi00NmIzLTk1MzMtZWFjNThjMzI5MTJlXkEyXkFqcGc@._V1_QL75_UY281_CR4,DZ8Ydr
Hell's Paradise: Jigokuraku,2023–,13 eps,A squad of prisoners and their guards are sent to investigate a mysterious island. They get stranded there and must rely on each other to survive the island's mysterious and monstrous residents.,https://m.media-amazon.com/images/M/MV5BZjhmMjhkNjUtMGU2MC00N2IzLTg1YzItZDk5ODMxMDYxODc0XkEyXkFqcGc@._V1_QL75_UX190_CR0,dg0C4J
My Dress-Up Darling,2022,12 eps,"A quiet loner and the popular girl at school find common ground, making their cosplay dreams come true.",https://m.media-amazon.com/images/M/MV5BYmJhYjgzYTQtMzMxYi00NTkyLWI2MWItNTgxNjk1NzU0YmQzXkEyXkFqcGc@._V1_QL75_UX190_CR0,thRDR8
Anohana: The Flower We Saw That Day,2011,11 eps,"Five childhood companions reunite when the ghost of their dead friends appears, and demands they grant her final wish.",https://m.media-amazon.com/images/M/MV5BMjc3ODU0ZTctNDgzYS00OWM2LTk0MGQtMzJiZmE1OTFjZTdkXkEyXkFqcGc@._V1_QL75_UX190_CR0,LodI29
Konosuba: God's Blessing on This Wonderful World!,2016–2024,32 eps,It was a happy day for Kazuma - right up to the moment he died. A goddess intervenes and offers him a second chance in a magical land.,https://m.media-amazon.com/images/M/MV5BZjg5NGUyZGEtYmYyMS00NDMyLWE4NzUtODhhYmM0YWE1MmQ4XkEyXkFqcGc@._V1_QL75_UY281_CR5,Q27Xsr
Highschool of the Dead,2010,12 eps,High school students are overwhelmed with the start of the zombie apocalypse.,https://m.media-amazon.com/images/M/MV5BYjcyNTUwYmQtZjFmZC00YTZmLWJkYzEtMGU4NTlkMjVjZTA2XkEyXkFqcGc@._V1_QL75_UY281_CR4,bmGErV
Detective Conan,1996–,1169 eps,The cases of a detective whose physical age was chemically reversed to that of a prepubescent boy but must hide his true mental development.,https://m.media-amazon.com/images/M/MV5BNGNjMjVmODYtMGMzZi00MWUyLTk1ZDQtYzI2ZTk2MmYzYTZiXkEyXkFqcGc@._V1_QL75_UX190_CR0,ENvrtG
Claymore,2007,26 eps,Hybrid warrior Clare and her comrades fight to protect their land from shape-shifting demons.,https://m.media-amazon.com/images/M/MV5BN2ZjOWM5NWEtYjkzNS00NjllLWE1YjEtNzM0ZGE4MGVjNzdlXkEyXkFqcGc@._V1_QL75_UY281_CR2,C3o9T2
Classroom of the Elite,2017–,39 eps,"When Kiyotaka enters government-sponsored elite high school, he finds out just how merit-based this education system is.",https://m.media-amazon.com/images/M/MV5BMDg3MGVhNWUtYTQ2NS00ZDdiLTg5MTMtZmM5MjUzN2IxN2I4XkEyXkFqcGc@._V1_QL75_UY281_CR7,rFY0WI
Blue Exorcist,2011,26 eps,"After discovering that he's the son of Satan, a young man must join the True Cross Academy in order to master his abilities and defeat Satan himself.",https://m.media-amazon.com/images/M/MV5BNWE2MmQxMmEtMzZjMi00NjcyLThlMjYtMmQ4ODc5ZTQxODE3XkEyXkFqcGc@._V1_QL75_UX190_CR0,2MoFgS
Fate/Zero,2011–2012,31 eps,Seven chosen mages and their summoned heroic spirits fight against each other to try and win the Holy Grail: a magical device that can grant any wish.,https://m.media-amazon.com/images/M/MV5BMTEyMjRiYjUtMzJkOC00NDBmLWI4Y2YtNDk5ZTQyMDNhMjgxXkEyXkFqcGc@._V1_QL75_UX190_CR0,r5gTOM
Clannad,2007–2009,49 eps,A high school student who cares little about school or his future decides to help a lonely girl repeating her final year in re-establishing the school's drama club.,https://m.media-amazon.com/images/M/MV5BMWJiNDQzNGEtNTA3Zi00NjM2LWE2NTAtOTU0NzA4ZmJiMjhmXkEyXkFqcGc@._V1_QL75_UY281_CR17,l7dbcg
Pluto,2023,8 eps,"When the world's seven most advanced robots and their human allies are murdered one by one, inspector Gesicht soon discovers that he's also in danger.",https://m.media-amazon.com/images/M/MV5BYmY3NDZjYzctMWEyYS00NzM1LTg5ZDYtYTA5ZDc5NWJjNjhkXkEyXkFqcGc@._V1_QL75_UX190_CR0,HHX6GD
Overlord,2015–2022,52 eps,"When a popular MMORPG is scheduled to be shut down permanently, veteran player Momonga refuses to log out. As NPCs begin to develop personalities and minds of their own he decides to put his skills to use as the game's new overlord.",https://m.media-amazon.com/images/M/MV5BYjNjNDBmZjAtMGZiMS00ODBkLWFjYWItZWQ1ZjEwOGNmZDBjXkEyXkFqcGc@._V1_QL75_UY281_CR5,kaz2h8
Darling in the Franxx,2018,26 eps,"In a future world where humanity has been driven to endangerment by giant beasts, a strike force is assembled to destroy the monsters and save the world.",https://m.media-amazon.com/images/M/MV5BYWNlYzk1NGQtNTZkNi00YzJiLWJkMWUtZTYzNjI3YTc5ZDRhXkEyXkFqcGc@._V1_QL75_UX190_CR0,hHOFs0
Mushi-Shi,2005–2014,27 eps,Mushi Master Ginko travels from place to place investigating occurrences that could be tied to supernatural creatures called Mushi.,https://m.media-amazon.com/images/M/MV5BMmUxZjA2ZTgtYmIzNy00YWE0LTliMjktZGY5NTQ5ZDEzYmM1XkEyXkFqcGc@._V1_QL75_UX190_CR0,7W7Kir
Soul Eater,2008–2009,51 eps,"Set in the Shinigami technical school, the series revolves around a partnership between a weapon meisters and a human weapons. Trying to reach a ranking of ""Death Scythe"" they must collect the souls of 99 evil humans and 1 witch.",https://m.media-amazon.com/images/M/MV5BNTJiOWM5NGMtZTdhYi00MmY3LTlhZGYtMjMwYTk2MTI4NGJlXkEyXkFqcGc@._V1_QL75_UY281_CR5,BauKEg
Paranoia Agent,2004–2005,13 eps,"Seemingly unconnected citizens of Tokyo are targeted for bludgeoning by a boy with a golden baseball bat. As detectives try to link the victims, they discover that following the assaults, the victims' lives have improved in some way.",https://m.media-amazon.com/images/M/MV5BZWI0OTc4MGUtYTQ4ZS00MzBmLTg5NjktNzFmMzNkNzgzMzQzXkEyXkFqcGc@._V1_QL75_UY281_CR1,Fg4kw5
Terror in Resonance,2014,11 eps,"Tokyo has been decimated by a terrorist attack, the only clue to the culprit's identity is a bizarre internet video. Two mysterious children form Sphinx, a clandestine entity determined to pull the trigger on this world.",https://m.media-amazon.com/images/M/MV5BOGZmNjNiY2MtNWE0YS00Y2MxLWJlNzEtMjIyMzZjODE5NGMwXkEyXkFqcGc@._V1_QL75_UY281_CR5,hB8LBy
High School DxD,2012–2018,65 eps,"After being killed on his first date, idiotic and perverted Issei Hyodo is resurrected as a demon by Rias Gremory only to be recruited into her club of high-class devils.",https://m.media-amazon.com/images/M/MV5BODVhMWE1NjctYjcwMC00MzQwLWI5YzItMTcyMTNiNmE5MTFjXkEyXkFqcGc@._V1_QL75_UY281_CR2,TS6kFt
Kakegurui,2017–2019,24 eps,A gambling prodigy comes to an elite school run by games and turns the order upside down.,https://m.media-amazon.com/images/M/MV5BYTkyYWViY2UtYTgzOS00MWM0LTg2NzUtZmQ5ODQzMDJkNjZkXkEyXkFqcGc@._V1_QL75_UX190_CR0,PVNznJ
Sailor Moon,1995–2000,160 eps,The magical action-adventures of a teenage girl who learns of her destiny as the legendary warrior Sailor Moon and must band together with the other Sailor Scouts to defend the Earth and Galaxy.,https://m.media-amazon.com/images/M/MV5BNDBhMGE3ZjAtM2VlYi00ZDVhLThiNDgtNTIxNzY5NjJmYWUyXkEyXkFqcGc@._V1_QL75_UX190_CR0,EgrdKj
Kaiju No. 8,2024,12 eps,"A man working a job far removed from his childhood dreams gets wrapped up in an unexpected situation - Becoming a monster, he aims once again to fulfill his lifelong dream.",https://m.media-amazon.com/images/M/MV5BYjNjNTczNmItOWRkNi00MWQ0LWI1OWYtYTFlNTllMDFjZjg3XkEyXkFqcGc@._V1_QL75_UY281_CR5,3Tj2vs
Food Wars: Shokugeki no Soma,2015–2020,92 eps,Soma Yukihira enrolls in an elite culinary school to become a full-time chef and surpass his father's culinary skills.,https://m.media-amazon.com/images/M/MV5BNzk2NjkzNTMtZjYzNS00M2UxLWI2NGYtZDlkOTliNjZkOTk1XkEyXkFqcGc@._V1_QL75_UY281_CR5,7pcGjL
Ranking of Kings,2021–2022,23 eps,"The people of the kingdom look down on the young Prince Bojji, who can neither hear nor speak. They call him ""The Useless Prince"" while jeering at his supposed foolishness.",https://m.media-amazon.com/images/M/MV5BNjM3OWRmODQtODVjYS00YzY5LWFiNmQtOGExM2M4OWQ3Nzk1XkEyXkFqcGc@._V1_QL75_UY281_CR4,YmoKNI
Beastars,2019–,36 eps,"In a world of anthropomorphic animals, a reclusive wolf's complicated relationship with a kindly rabbit is tested by a classmate's murder, a charismatic deer's influence, and his own burgeoning predatory instincts.",https://m.media-amazon.com/images/M/MV5BZDRlMDA0MTctYjNmYy00MzRhLWEwYjEtYmYxZTI5YTdjMTgyXkEyXkFqcGc@._V1_QL75_UX190_CR0,iIuvep
Baccano!,2007–2008,16 eps,"A crazy fantasy caper involving alchemists, immortals, gangsters, outlaws and an elixir of immortality, spread over several decades.",https://m.media-amazon.com/images/M/MV5BMDdkYjc2MmQtNTJlZS00ZDM4LWI0ZTYtZGNkZTgzZTg0YTNmXkEyXkFqcGc@._V1_QL75_UY281_CR5,tJKLpy
Darker Than Black,2007–2010,42 eps,"In Tokyo, an impenetrable field known as ""Hell's Gate"" appeared ten years ago. At the same time, psychics who wield paranormal powers at the cost of their conscience also emerged.",https://m.media-amazon.com/images/M/MV5BMTZiNmQ1M2MtYzhmNy00YWM3LWEzN2YtNjcwYTMwMGNjNTQwXkEyXkFqcGc@._V1_QL75_UY281_CR5,oKozUa
Tokyo Ghoul: re,2018,24 eps,"It has been 2 years since the GCC raid in Anteiku. Although the environment in Tokyo has changed drastically due to the CCG's increased influence, Ghouls are still a problem, especially the Aogiri Tree organization.",https://m.media-amazon.com/images/M/MV5BNmJkZjUyYjItNjM1MC00YTU1LTgwNjMtMDA4YjdlYzc4MWQzXkEyXkFqcGc@._V1_QL75_UX190_CR0,FctMS7
Deadman Wonderland,2011,13 eps,"After being falsely convicted for the murder of his entire class, a young man must learn to survive in a mysterious prison with a perverted take on incarceration while also looking to clear his name.",https://m.media-amazon.com/images/M/MV5BMGExMGVjOWQtODI2Ny00NzE2LWJkYWItOTk1Zjc4MTQ3NWM2XkEyXkFqcGc@._V1_QL75_UX190_CR0,wW0PcB
Kuroko's Basketball,2012–2015,76 eps,"Kagami meets Kuroko, the 6th member of the Miracle Generation, and they make a pact to defeat the other members of the team. A battle of light (Kagami) and shadow (Kuroko) begins.",https://m.media-amazon.com/images/M/MV5BMjVjZTZjMjktYzAyYS00YTgyLTlhZjItYjVkZjU0MmU3OTY3XkEyXkFqcGc@._V1_QL75_UY281_CR6,8sWRAh
Dorohedoro,2020,12 eps,"Amnesiac Caiman seeks to undo his lizard head curse by killing the sorcerer responsible, with his friend Nikaido's help. In the Hole, that's a threat.",https://m.media-amazon.com/images/M/MV5BYzE2M2I0ZmYtYjMxYS00NzYzLWEzNmEtZjQ4ODhmMDNmN2MyXkEyXkFqcGc@._V1_QL75_UY281_CR6,3mnyT7
Fire Force,2019–,49 eps,A superhuman firefighter force is formed to deal with supernatural fire incidents.,https://m.media-amazon.com/images/M/MV5BMThhODExMTUtZmIyMC00OTY4LTk5YWMtN2YxYWRhNmNiNDNmXkEyXkFqcGc@._V1_QL75_UY281_CR5,LX6W8p
Great Teacher Onizuka,1999–2000,43 eps,"About Eikichi Onizuka, a 22-year-old ex-gangster member and a virgin. He has one ambition that no one ever expected from him. His sole life purpose is to become the greatest high school teacher ever.",https://m.media-amazon.com/images/M/MV5BNzYwN2UyNDAtZTQ3My00ZjQ4LWE2ZmYtZDZiMTlhZGM3ZTc4XkEyXkFqcGc@._V1_QL75_UX190_CR0,HH6I01
Ouran High School Host Club,2006,26 eps,"You'll fall for the Ouran Host Club: Tamaki's truly romantic. Kaoru and Hikaru display brotherly love, Kyoya's brainy, Honey's innocent, and Mori's manly. Oh, and don't forget Haruhi. He knows what girls want, because he's a girl too.",https://m.media-amazon.com/images/M/MV5BMGMzZTQyMmUtNWUwZS00NDU2LWE1Y2YtZWVkNGM1MGNkZDFjXkEyXkFqcGc@._V1_QL75_UY281_CR1,s2684r
Steins;Gate 0,2018,24 eps,Mad scientist Okabe struggles to recover from past failure and tests a new artificial intelligence,https://m.media-amazon.com/images/M/MV5BNTgzZWY0YmEtNTNlMy00YzU1LWI4NTUtYzBlNzQ0ODkzNzAwXkEyXkFqcGc@._V1_QL75_UX190_CR0,YyVDkq
The Disastrous Life of Saiki K.,2016–2018,146 eps,"Saiki Kusuo is a powerful psychic who hates attracting attention, yet he is surrounded by colorful characters who always find a way to remove him from his everyday life.",https://m.media-amazon.com/images/M/MV5BMzJhYWEyMWUtZDYwNS00NTU4LTgwODItYjBlNzEwMTc5MTc2XkEyXkFqcGc@._V1_QL75_UX190_CR0,OSQTMs
Puella Magi Madoka Magica,2011,12 eps,"A creature named Kyubey offers Madoka and Sayaka a wish if they agree to become 'magical girls' and fight abstract beings called 'witches'. However, a magical girl named Homura is, for uncertain reasons, determined to stop this agreement.",https://m.media-amazon.com/images/M/MV5BMGI2NDRmZTgtYzU2NS00M2Y1LTkwMWUtNTkxNWFiNjFkYmQ2XkEyXkFqcGc@._V1_QL75_UX190_CR0,ZWpz1j
Saint Seiya: Knights of the Zodiac,1986–1989,114 eps,"A group a young warriors known as 'Saints', each in possession of a 'cloth' guarded by a different constellation, must protect the reincarnation of the goddess Athena as she attempts to keep the Earth from being destroyed by evil forces.",https://m.media-amazon.com/images/M/MV5BZDI1M2U3NDktNmU3Mi00NDFiLTkyZTUtMjcxNWMzMWVmM2Y5XkEyXkFqcGc@._V1_QL75_UX190_CR0,f7aOul
Fighting Spirit,2000–2002,76 eps,"Ippo, a teenage boy with a pure heart and unrelenting determination, discovers a passion for boxing after veteran fighter Takamura saves him from bullies.",https://m.media-amazon.com/images/M/MV5BN2UzMmM5NTQtYjUxYy00OWVjLTkwOWMtYzFhOGQxN2VlZjI5XkEyXkFqcGc@._V1_QL75_UX190_CR0,PfSpue
Is It Wrong to Try to Pick Up Girls in a Dungeon?,2015–2024,73 eps,"A fateful encounter - what adventuring is all about. But for Bell Cranel, meeting a girl doesn't go quite as planned.",https://m.media-amazon.com/images/M/MV5BN2NkOTJiMDMtYzY0ZC00YjAxLWFlYjUtMTk2NjhmZTEzMmI4XkEyXkFqcGc@._V1_QL75_UX190_CR0,K2Bwp5
Goblin Slayer,2018–2023,25 eps,"In a fantasy world, a lone hero makes his living by exterminating all goblins he encounters. But one day he meets a friend, and his life begins to become more intense.",https://m.media-amazon.com/images/M/MV5BMTk1MGM5ZDQtMWFkZS00YTUyLWIzYWYtZTQwYWYzNzQ3MTMyXkEyXkFqcGc@._V1_QL75_UX190_CR0,EfUc3J
Yuri!!! On Ice,2016–2017,13 eps,"After suffering defeat, Yuri Katsuki hangs up his ice skates for good. But will an encounter with two top skaters reignite his passion?",https://m.media-amazon.com/images/M/MV5BN2JmNTIwODktZTkyNy00MWZkLWEwMzAtZjQzNTY0ZTgyODA0XkEyXkFqcGc@._V1_QL75_UY281_CR5,18J1im
Bungo Stray Dogs,2016–,62 eps,Follows Atsushi Nakajima as he joins the Armed Detective Agency in battling the Port Mafia and other superhuman threats to public safety.,https://m.media-amazon.com/images/M/MV5BYzA5Y2MzNDAtZjBjZi00OTUzLWI5NDAtMTg1ODRhMmU2MGY3XkEyXkFqcGc@._V1_QL75_UY281_CR1,wL9mc3
Oshi No Ko,2023–,25 eps,A doctor and his recently-deceased patient are reborn as twins to a famous Japanese musical idol and navigate the highs and lows of the Japanese entertainment industry as they grow up together through their lives.,https://m.media-amazon.com/images/M/MV5BYzM3ZGJkN2YtOTQ5Ny00MzEyLTlkMzQtZDVhYzM3YWFlM2QwXkEyXkFqcGc@._V1_QL75_UY281_CR5,041uER
To Your Eternity,2021–,41 eps,"A lonely boy wandering the Arctic regions of North America meets a wolf, and the two become fast friends, depending on each other to survive the harsh environment. But the boy has a history, and the wolf is more than meets the eye as well.",https://m.media-amazon.com/images/M/MV5BMzZhYzAzODUtMzYxMi00OWE1LWI4ZTQtYzU4ZjgxZjcxODA3XkEyXkFqcGc@._V1_QL75_UY281_CR5,on8nY1
Komi Can't Communicate,2021–2022,24 eps,An elite and aloof schoolgirl is in fact severely withdrawn and anxious about communicating with others. An ordinary schoolboy befriends her and helps her to open up and talk with people.,https://m.media-amazon.com/images/M/MV5BZGMzZDY0MDUtYzY5OS00NmI0LTlhZmUtZGM2NjVjNjdiNThlXkEyXkFqcGc@._V1_QL75_UX190_CR0,otoxCX
Fruits Basket,2019–2021,63 eps,"After Tohru is taken in by the Soma family, she learns that twelve family members transform involuntarily into animals of the Chinese zodiac and helps them deal with the emotional pain caused by the transformations.",https://m.media-amazon.com/images/M/MV5BZjZmNjg3ZjMtZjQ0MS00NDE0LWE0MDctZTBjMDZiMWZhZTk3XkEyXkFqcGc@._V1_QL75_UX190_CR0,OXhzv1
Black Butler,2008–2011,43 eps,"Ciel Phantomhive takes care of the many unsettling events in Victorian England. Aided by Sebastian Michaelis, his loyal butler with seemingly inhuman abilities. But is there more to this black-clad butler than meets the eye?",https://m.media-amazon.com/images/M/MV5BYzU2YzkyMGMtYTVjNi00NWY0LWE0MDAtMzZmYTU3Y2MyZTFiXkEyXkFqcGc@._V1_QL75_UX190_CR0,fDdqmH
Zom 100: Bucket List of the Dead,2023,12 eps,"A worker in a foreign finance company is bullied and worked around the clock, before a zombie outbreak finally makes him feel alive.",https://m.media-amazon.com/images/M/MV5BNzhkNDM2OGUtOGUzZC00NjAzLThmODktOGE4ZjgxZjA3OWQxXkEyXkFqcGc@._V1_QL75_UY281_CR5,yCCXVt
My Teen Romantic Comedy SNAFU,2013–2023,41 eps,"About an antisocial high school student named Hikigaya Hachiman with a distorted view on life and no friends or girlfriend. His life change when he was forced to enter the ""Volunteer Service Club"" by his teacher.",https://m.media-amazon.com/images/M/MV5BNDE5NmZhN2ItNzU4YS00YTRlLWJlODYtMGQ1ZTQ2NTMxOTg2XkEyXkFqcGc@._V1_QL75_UX190_CR0,u75Qy0
Baki,2016–2020,40 eps,"The protagonist, Baki Hanma, trains with an intense focus to become strong enough to surpass his father, Yujiro Hanma, the strongest fighter in the world.",https://m.media-amazon.com/images/M/MV5BYmI0MTY0NDgtZDJkYy00Mzk0LWFiZjYtODYwODQyOTAwNzhjXkEyXkFqcGc@._V1_QL75_UY281_CR1,l0fxBD
Record of Ragnarok,2021–,27 eps,"Every 1000 years, the Gods' Council assemble to decide the fate of humanity. After 7 million years of human history, the gods come to the decision that humans are irredeemable and must be extinct.",https://m.media-amazon.com/images/M/MV5BMjQ5NWY2OWEtMDdjNC00N2YxLTkxYTctNDJlNmE1MmMzYzU5XkEyXkFqcGc@._V1_QL75_UY281_CR7,rL9ZD5
The Melancholy of Haruhi Suzumiya,2006–2009,28 eps,"The crazy adventures of the SOS Brigade, led by the insane but charismatic Haruhi.",https://m.media-amazon.com/images/M/MV5BNTcyODQxZTQtNjBiMi00NWViLTg4YzYtNWIwZTA3ZGJiNmIzXkEyXkFqcGc@._V1_QL75_UX190_CR0,Uplorr
Banana Fish,2018,24 eps,"Ash Lynx is raised by an infamous gangster, Dino Golzine. When Ash grows up, he has his own gang and he must stop Dino from catching hold of the Banana Fish, a mysterious drug that causes insanity.",https://m.media-amazon.com/images/M/MV5BY2Q0NDUyZmEtMjBmMC00YWMxLWJkN2UtNDc4OGY5ZjEzMzA2XkEyXkFqcGc@._V1_QL75_UY281_CR4,kEEr7o
Maid Sama!,2010–2011,28 eps,"Ayuzawa Misaki serves as the student council president at Seika High. However, unbeknownst to her classmates, she works part-time as an employee at a Maid Cafe. Usui Takumi, a boy from her school, discovers this secret.",https://m.media-amazon.com/images/M/MV5BY2Y4Njk0MDItZGU1My00Njk3LWJiYWQtYmM3YzJjYmY4YWY3XkEyXkFqcGc@._V1_QL75_UX190_CR0,YufyJj
Fate/stay night [Unlimited Blade Works],2014–2015,27 eps,"A group of seven magicians gets chosen to become masters of seven classes of heroic spirits, in order to fight and win the Holy Grail.",https://m.media-amazon.com/images/M/MV5BZTNmZWI3ZWYtNjkzYi00ZTFkLWI0MzctMjc2YzlmNGRkNzRiXkEyXkFqcGc@._V1_QL75_UY281_CR4,KVmgfz
Mashle: Magic and Muscles,2023–,25 eps,"Into a world of magicians is born Mash, a young boy who lacks magic but is the strongest person around. His existence and destiny will change his world.",https://m.media-amazon.com/images/M/MV5BMjMyNjg4MzItMGI3MS00MGVmLWE5MDMtODk4NjIyNzFlOWZlXkEyXkFqcGc@._V1_QL75_UY281_CR4,o5r19g
86,2021–2022,24 eps,"The Republic of San Magnolia has been attacked by its neighbor, the Empire.",https://m.media-amazon.com/images/M/MV5BOWNmY2IzOGItMmQyNy00ZTM0LThiNjItODM3YzdkYjRlNWU1XkEyXkFqcGc@._V1_QL75_UX190_CR0,dli8EX
The Devil Is a Part-Timer!,2013–2023,38 eps,"Hilarity and fun ensues when Satan ends up in modern day Japan without any magic to return, and starts working part time in a fast food joint.",https://m.media-amazon.com/images/M/MV5BODdjMWIyYjQtNzI4ZC00ZjA1LWJmYzMtYTA1ZjFiNTMxZWI5XkEyXkFqcGc@._V1_QL75_UY281_CR4,7nHnKv
Gantz,2004,26 eps,"After their deaths, two teens are transported to an apartment with an ominous black sphere and must participate in a gory alien-hunting ""game.""",https://m.media-amazon.com/images/M/MV5BMWY4NzE1NGUtZjJmZS00NGRhLTlmZDAtOWU1YTVlZjkxYTI0XkEyXkFqcGc@._V1_QL75_UX190_CR0,7Ay4il
Rent-a-Girlfriend,2020–2025,37 eps,"After being dumped by his girlfriend, a college student enlists a dating service to ""rent"" a girlfriend who, unbeknownst to him, happens to be both a fellow student and his neighbor.",https://m.media-amazon.com/images/M/MV5BYmIzYzNhZDUtZTU3OC00NDA2LTgyOWYtZjA3N2EwMjdkZjRiXkEyXkFqcGc@._V1_QL75_UX190_CR0,FYbBJl
Charlotte,2015–2016,15 eps,"The story takes place in an alternate reality where a small percentage of children manifest superhuman abilities upon reaching puberty. A focus is placed on Yuu Otosaka, a high school boy who awakens the ability to temporarily possess others, which brings him to the attention of Nao Tomori, the student council president of a school founded as a haven for children with such abilities.",https://m.media-amazon.com/images/M/MV5BYmIxNDIxMDgtNTk5Mi00YzYyLWI2ZjgtMmUxZmEwOWExOTJlXkEyXkFqcGc@._V1_QL75_UX190_CR0,edFbfz
Terminator Zero,2024–,8 eps,2022: A future war has raged for decades between the few human survivors and an endless army of machines. 1997: The AI known as Skynet gained self-awareness and began its war against humanity.,https://m.media-amazon.com/images/M/MV5BNzk3YzI2ZDUtMmFjNy00ZmQwLWFiNWUtODcwMjllYWYwZmY2XkEyXkFqcGc@._V1_QL75_UY281_CR18,eXh21x
Tower of God,2020–2024,36 eps,"Reach the top, and everything will be yours. At the top of the tower exists everything in this world, and all of it can be yours.",https://m.media-amazon.com/images/M/MV5BZWQwZGY3MGItZjQ3OS00MzYxLTlmMWMtNjZiYTY2ZDk4ZjFhXkEyXkFqcGc@._V1_QL75_UY281_CR1,wM3QlG
Wolf's Rain,2003–2004,26 eps,"In a post-apocalyptic future where humans live in domed cities surrounded by wasteland, wolves are assumed to be two hundred years extinct.",https://m.media-amazon.com/images/M/MV5BYmRiMGEzMzAtNmEzOC00ODBjLThkZDUtMTE4NmFlN2JjZTE3XkEyXkFqcGc@._V1_QL75_UY281_CR4,QQDE57
Welcome to the N.H.K.,2006,24 eps,This surreal dramedy follows Satou Tatsuhiro as he attempts to escape the evil machinations of the NHK.,https://m.media-amazon.com/images/M/MV5BMDNjZDMyYTctMmZlMi00NDY2LTg1OGQtOTA2MWU0N2E1M2ZkXkEyXkFqcGc@._V1_QL75_UY281_CR4,fwwpZT
The God of High School,2020,13 eps,A tournament takes place to determine the best fighter among all high school students in Korea.,https://m.media-amazon.com/images/M/MV5BODVjODVhNjgtZWZkNy00ODViLTgwMGYtZmU0ZTNkZTI3N2M5XkEyXkFqcGc@._V1_QL75_UY281_CR4,4M1d7A
The Apothecary Diaries,2023–,25 eps,"A young maiden is kidnapped and sold into servitude at the emperor's palace, where she secretly employs her pharmacist skills with the help of the head eunuch to unravel medical mysteries in the inner court.",https://m.media-amazon.com/images/M/MV5BNjAxMmFjZjgtYjM1ZS00NzdmLTliZDktZmIyMzU5YTBlNDBmXkEyXkFqcGc@._V1_QL75_UX190_CR0,Emo54J
Prison School,2015–2016,13 eps,"Hachimitsu Academy, once an all-girls school, has become co-ed, and teen Kiyoshi is one of five boys to enroll. When he is caught peeping, Kiyoshi is sent to the schools prison, where his punishment is carried out.",https://m.media-amazon.com/images/M/MV5BYzc3M2VkZjYtOTQyMy00OGMzLWE4ZjUtZmE1ZTIwOWFjMWE3XkEyXkFqcGc@._V1_QL75_UX190_CR0,LUSaLj
Durarara!!,2010,26 eps,"Tired of his mundane life, Mikado Ryugamine decides to move to Ikebukuro, a district in Tokyo, when a friend invites him. Ikebukuro is full of connected mysteries where people's pasts intertwine with the present.",https://m.media-amazon.com/images/M/MV5BODExOGNjNWEtZWU4Mi00MTVjLWE1ZTEtNTQ2Yjk1YjUxZTViXkEyXkFqcGc@._V1_QL75_UX190_CR0,cQp7cx
Heavenly Delusion,2023,13 eps,"A boy grows up behind the safe walls of an apocalyptic Japan full of monsters. Tokyo flourishes as a paradise, while outside the walls of hell dangers lurk. However, a small group searches for heaven.",https://m.media-amazon.com/images/M/MV5BMmU1MmQ4NWEtNjhmZC00NDRmLTkwMzctNGE3YTU1YzFmMGI4XkEyXkFqcGc@._V1_QL75_UX190_CR0,gRnCkB
Slam Dunk,1993–1996,101 eps,"About Sakuragi Hanamichi, a freshman of Shohoku High School who joins the basketball team because of the girl he has a crush on, Haruko. Although he is newbie in this sport, he is no ordinary basketball player.",https://m.media-amazon.com/images/M/MV5BNjIyYjg4YWUtNTM2OS00YTc3LWE5NTEtZTdmMDdiMzE1OGJjXkEyXkFqcGc@._V1_QL75_UY281_CR6,xuRh6u
The Eminence in Shadow,2022–2023,32 eps,"When Cid is isekai'd to another world, he creates an underground organization to live out a fight against a made-up cult. Little does he know the cult is real, and they're not happy his power fantasy just impeded their plans.",https://m.media-amazon.com/images/M/MV5BMDFmMWJlMWYtMDFkNi00OWViLTkzOGEtNDI0YWNmM2M5MzI5XkEyXkFqcGc@._V1_QL75_UY281_CR4,yGqxuF
Kengan Ashura,2019–,52 eps,"Kazuo Yamashita is an ordinary fifty-six year old man who one day is summoned by the chairman of his company and hired as a manager of a gladiator. He learns that these hired gladiators engage in battles called ""Kengan Matches"" to protect the corporate rights of the businesses they represent. Kazuo Yamashita is assigned to manage a mysterious Kengan fighter named Ohma Tokita. Both men join the ""Kengan Zetsumei Tournament"" with the hope of winning the spot as chairman of the Kengan Organization.",https://m.media-amazon.com/images/M/MV5BYzQwNjc2MTUtM2VkNi00NDkyLWIwYmEtOWM2MzBiODEyNzE5XkEyXkFqcGc@._V1_QL75_UY281_CR5,K32juc
The Quintessential Quintuplets,2019–2021,24 eps,"With his family deep in debt, Futaro Uesugi accepts a lucrative job tutoring underachieving quintuplet classmates to help them graduate high school.",https://m.media-amazon.com/images/M/MV5BZDNmNzljMzEtOTM5Ny00NWU0LThkNTEtMzJlZDhjYjQxOTAxXkEyXkFqcGc@._V1_QL75_UX190_CR0,6fj2T8
Golden Boy,1995–1996,6 eps,"A University drop-out rides Japan on his bicycle, taking part-time jobs and trying not to take women.",https://m.media-amazon.com/images/M/MV5BZGVhODJjYzUtMjNjZS00NGJlLWJhZDEtN2FlMmM0YzZiOTc4XkEyXkFqcGc@._V1_QL75_UX190_CR0,DOXzfs
Captain Tsubasa,1983–1995,161 eps,Tsubasa Oozora is an 11-year-old elementary school student who is deeply in love with football and dreams of one day winning the FIFA World Cup for Japan.,https://m.media-amazon.com/images/M/MV5BZTNjYmRmOWItMGEzOC00YTk5LWE2MzktOWY0ZTUxZjNlYzRmXkEyXkFqcGc@._V1_QL75_UY281_CR3,xHvXK2
Aggretsuko,2018–2023,51 eps,"Frustrated with her thankless office job, the 25-year-old red panda copes with her daily struggles by belting out heavy metal karaoke after work.",https://m.media-amazon.com/images/M/MV5BNmJiMWI4YmMtMDg4Ny00YTNmLWFlZWMtYTMyMzE3ZDg1NWJmXkEyXkFqcGc@._V1_QL75_UY281_CR2,8WURSa
Delicious in Dungeon,2024–,24 eps,"Can sisters be reincarnated from dragon poop? Laios and his friends Marcille and Chilchuck delve into an endless dungeon in search of his fallen sister, fighting monsters, starvation, and corruption.",https://m.media-amazon.com/images/M/MV5BNmU3ZGFhMmYtNzczYy00NTE0LThkYjgtNWFiYTY2NzRkM2QzXkEyXkFqcGc@._V1_QL75_UX190_CR0,eINf7z
Seraph of the End,2015,25 eps,"In 2012, the world allegedly comes to an end at the hands of a human-made virus, ravaging the global populace and leaving only children untouched. It is at this time that vampires emerge from the recesses of the earth.",https://m.media-amazon.com/images/M/MV5BNTllMDkyNGEtNzIzMi00ZmUyLTlhNjUtYzRmN2NhYzZmOTBmXkEyXkFqcGc@._V1_QL75_UY281_CR6,YEceiM
Ajin,2016–2017,29 eps,"A high school student discovers he is an Ajin, a demi-human being. He ends up a fugitive on the run because of his powers.",https://m.media-amazon.com/images/M/MV5BMjYyNmE5YWQtNmMxOS00ODFhLTg5NTEtZDE4ZGI5YzRiZWUzXkEyXkFqcGc@._V1_QL75_UY281_CR5,xwcpMY
Ninja Kamui,2024–,13 eps,"Former ninja Joe Higan is ambushed by assassins who seek bloody revenge on him and his family for their betrayal, after escaping his clan and fleeing into rural America.",https://m.media-amazon.com/images/M/MV5BMDM2MzJjZWEtYjI1Yy00ZGFmLTk1YmItZjgxNDdlOGE5ZmU4XkEyXkFqcGc@._V1_QL75_UY281_CR46,3hZedk
Beyblade,2001–2005,155 eps,"Four Beybladers and their genius friend travel the world as team 'Bladebreakers' to win a championship, realizing there's much more at stake on the go.",https://m.media-amazon.com/images/M/MV5BZDY4YzZkYzEtNTAzNS00NTE0LWIxMDktNmM4MTFmNDQ0NmIzXkEyXkFqcGc@._V1_QL75_UY281_CR1,NGl3Cs
Great Pretender,2020–2024,25 eps,"A Japanese conman crosses paths with a French rival, and gets entangled in conspiracies and scams beyond his wildest dreams.",https://m.media-amazon.com/images/M/MV5BMTQxOWUzODEtMTdlYS00NTc5LWFhM2QtZTM3NjE2ZWZhYWVlXkEyXkFqcGc@._V1_QL75_UY281_CR5,Q0lCY9
ReLIFE,2016–2018,17 eps,"A young man, failing at life, is offered a new start as a 10 years younger high-school student.",https://m.media-amazon.com/images/M/MV5BOGViMzRkYzctM2IyNi00OWFmLTliMDMtNjk1MmE0M2QyM2I1XkEyXkFqcGc@._V1_QL75_UX190_CR0,qryuqo
Bakemonogatari,2009–2013,16 eps,"Third-year high school student Koyomi Araragi is human again. Cured of his vampirism, he seeks to help other supernaturals with their problems. Koyomi becomes involved in their lives, revealing secrets in people he once knew.",https://m.media-amazon.com/images/M/MV5BMzc2ODJmZDItNDJkYS00OWIyLTg1YWYtMmRmZjJkZDdlMTUwXkEyXkFqcGc@._V1_QL75_UX190_CR0,t5K0Mj
Summer Time Rendering,2022,25 eps,"Due to the death of his childhood friend, Shinpei returns to his native home, but beneath the surface this island seems to hold some secrets.",https://m.media-amazon.com/images/M/MV5BYmRiNTBjZDUtNmFiOC00ZGFhLThlMjgtNThmZDU5MGNkNTY5XkEyXkFqcGc@._V1_QL75_UY281_CR5,Uvkbgd
Kabaneri of the Iron Fortress,2016,12 eps,"A large group of survivors seek shelter while travelling on a train after their station was attacked by aggressive, undead creatures called Kabane.",https://m.media-amazon.com/images/M/MV5BMTY5NTkwMTctYjRkNC00MWJiLTgxNmUtZTA3Yzk0OGI3NWU1XkEyXkFqcGc@._V1_QL75_UY281_CR5,OaIF7I
When They Cry,2006,26 eps,The story of a group of young friends and the mysterious events that occur in the rural village of Hinamizawa.,https://m.media-amazon.com/images/M/MV5BZDMxNzY3OGUtZGRmNy00ZjVjLTg3MjktMjc5Y2UyY2I3ZmYxXkEyXkFqcGc@._V1_QL75_UY281_CR4,7OKp18
Fate/stay night,2006,24 eps,Amateur mage Shirou Emiya gets involved in a fight between mages using mythological heroes.,https://m.media-amazon.com/images/M/MV5BOWQ1ZDdiMDItYTc2My00ZjZkLWJlMzktYTZmNGY5MWQwODU2XkEyXkFqcGc@._V1_QL75_UY281_CR5,KdlXYN
Blue Spring Ride,2014,14 eps,"Revolves around Futaba, a girl who was in love with a boy named Ko Tanaka in middle school. However, it did not work because he transferred but in high school, her world is turned around once again when she meets him again.",https://m.media-amazon.com/images/M/MV5BMzNmNjQ3OTEtMjIzOS00ZDg2LWEwMTYtMzk1ZWEzNGFiMzVkXkEyXkFqcGc@._V1_QL75_UY281_CR5,eWTO4r
Shaman King,2001–2005,78 eps,"SHAMAN KING follows the adventures of a 13-year-old shaman and his teammate a samurai warrior spirit, who traverse the world fighting evil spirits and misguided shamans on their journey to be the next Shaman King.",https://m.media-amazon.com/images/M/MV5BN2IwZTFjNzMtMjA0OC00MGRiLWExOGUtYTdmMjU3ZDMyMTQ5XkEyXkFqcGc@._V1_QL75_UY281_CR4,tjAi30
Nana,2006–2007,50 eps,"Two ostensibly opposite women, both named Nana, become roommates in Tokyo and grow inseparable. However, their relationship is jeopardized as the harsh realities of adult life take shape.",https://m.media-amazon.com/images/M/MV5BYjRmOWJmMDgtYjBjMS00OTg1LWJmZTItZTY2MjJlODgxNmUwXkEyXkFqcGc@._V1_QL75_UY281_CR2,KRv014
Hyouka,2012,23 eps,Hyouka centers on Oreki Hotarou and his life in the Classic Literature Club. His mundane world is flipped upside down as they begin to solve various mysteries.,https://m.media-amazon.com/images/M/MV5BMjMyM2M2MTctY2EwNi00Y2RkLWI0M2EtM2M3MDkxYzM3ZDk0XkEyXkFqcGc@._V1_QL75_UX190_CR0,5pNbI6
Yasuke,2021,6 eps,"He came from Africa and fought alongside a mighty feudal lord in brutal 16th century Japan. They called him the Black Samurai, and he became a legend.",https://m.media-amazon.com/images/M/MV5BZGU1OGI2OWItNGU3Yi00YjlmLWIzNDAtODQxZmVhNzU3MjQzXkEyXkFqcGc@._V1_QL75_UX190_CR0,dXcLoF
The Way of the Househusband,2021–2023,15 eps,A retired gangster spends his time as a househusband carrying out home chores.,https://m.media-amazon.com/images/M/MV5BMWNmNDc5MDktNzc5Mi00ZTQ3LThhODktMjRjMzc2NzMxYzg5XkEyXkFqcGc@._V1_QL75_UY281_CR5,3Up6TI
Odd Taxi,2021,13 eps,"In a city which should be familiar, there is the feeling of something a little different.",https://m.media-amazon.com/images/M/MV5BMGZiNWNlZDYtNjVhOS00MjMxLWFjZDgtYmE1NjI5YjA4MzdkXkEyXkFqcGc@._V1_QL75_UY281_CR8,CyQiTY
Heidi: A Girl of the Alps,1974,52 eps,"This animation series follows the childhood ""adventures"" of a girl named Heidi, who lives with her grandfather somewhere on the Alps.",https://m.media-amazon.com/images/M/MV5BM2EyMzEwOGMtNTc3OC00NDgxLWIwNDEtM2JkOTNjZDBhNDVkXkEyXkFqcGc@._V1_QL75_UY281_CR6,vjnjBU
Kimi ni Todoke: From Me to You,2009–2024,44 eps,"Sawako wishes to make friends but her weird vibe and lack of communication skills are getting in her way. Fortunately, it's no longer the case since she met Kazehaya, an extroverted guy who she couldn't help but to fall in love with.",https://m.media-amazon.com/images/M/MV5BMDliNGUxNTEtOTE1Zi00M2U3LWE0ODktNWQxMDRhMDZiNDAyXkEyXkFqcGc@._V1_QL75_UY281_CR18,AcBBUT
Full Metal Panic!,2002–2006,54 eps,"Sousuke Sagara, a member of a covert anti-terrorist private military organization known as Mithril, tasked with protecting Kaname Chidori, a spirited Japanese high school girl.",https://m.media-amazon.com/images/M/MV5BYjVlOGUzNzMtZjI3My00NDhhLWIzYWMtNDE3ZmQyNzkyN2NkXkEyXkFqcGc@._V1_QL75_UY281_CR4,3YXbXT
Battle Angel,1993,2 eps,"In a distant future, a the young cyborg Gally is found on a scrapheap by the Cyberdoctor Daisuke Ido, who rebuilds her and becomes her surrogate father.",https://m.media-amazon.com/images/M/MV5BN2Y3YjU4MWItMzU4NC00YjA2LTkyN2UtZTE1MjI0ZWZiNjg5XkEyXkFqcGc@._V1_QL75_UX190_CR0,feen0A
Vampire Knight,2008,26 eps,"Yuki Cross, along with her best friend Zero, attempts to keep the peace between humans and vampires at Cross Academy, but personal issues soon threaten the situation.",https://m.media-amazon.com/images/M/MV5BOWU0ZjMxOTItNmRhYy00NjRlLTllMjgtYTdhYzBlMTgzYzY5XkEyXkFqcGc@._V1_QL75_UY281_CR10,iM1alO
91 Days,2016–2017,14 eps,"The story takes place in Lawless, a town thriving on black market sales of illicitly brewed liquor. Avilio returns to Lawless after some time away, following the murder of his family in a mafia dispute there.",https://m.media-amazon.com/images/M/MV5BZDhmZmRmYTctMTBhOS00ZWMwLTk5ZTMtNTMxYWFkZGVjMGViXkEyXkFqcGc@._V1_QL75_UY281_CR1,c1Raw2
Ranma ½,1989–1990,24 eps,A girl is involuntarily engaged to a boy who turns female when hit with cold water and male when hit with hot.,https://m.media-amazon.com/images/M/MV5BYjg3ZWY4YmMtYjU1OS00ZmU4LWJmODMtMjBlNmE2ZjkyNzJjXkEyXkFqcGc@._V1_QL75_UY281_CR4,FwioRD
Guilty Crown,2011–2012,24 eps,"After the outbreak of the unidentified virus ""Lost Christmas"" in 2029, Japan has been under the control of a multi-nation organization called GHQ. Ohma Shu is a 17 year old boy who has a psychic power in his right hand. He can use the power ""Ability of King"" to extract tools or weapons from his friends. He has been avoiding making trouble for others but his life changes when he meets a girl Yuzuriha Inori, a member of a resistance guerrilla group called ""Funeral Parlor"", whose members pilot mecha weapons to fight against the government.",https://m.media-amazon.com/images/M/MV5BMzIyMWM3NDEtMTc4Yy00OTM1LThlMDYtMjdmYTI0MGFjOTdiXkEyXkFqcGc@._V1_QL75_UY281_CR5,VbrbJa
Sonic X,2003–2006,78 eps,"A slight malfunction causes Chaos Control, and sends Sonic the Hedgehog to Earth. While there, Sonic meets Chris Thorndyke, who aids at collecting the Chaos Emeralds, so Sonic and friends can go home.",https://m.media-amazon.com/images/M/MV5BNzdjYTU1MWItNjY3Mi00NTNjLWIzNzctZmU5ZWQ0NGVlMTAzXkEyXkFqcGc@._V1_QL75_UX190_CR0,X3v12i
Cardcaptor Sakura,1998–2000,70 eps,"Sakura stumbled upon the book of Clow Cards in a library. Accidentally setting the magical cards loose, it's now up to Sakura to catch them all with her best friend Tomoyo, and Kerberos, the guardian of the cards.",https://m.media-amazon.com/images/M/MV5BZTllNzI2NTQtZWJlYi00YTJlLWFlZDYtODZmMGJkN2NmMWY1XkEyXkFqcGc@._V1_QL75_UX190_CR0,FUR18Q
Devil May Cry: The Animated Series,2007,12 eps,"Dante, a superhuman son of a powerful murdered demon and human woman is a master of gun and sword who runs an ""odd-job"" agency. Despite financial troubles, he never loses his cool since work always comes calling sooner or later.",https://m.media-amazon.com/images/M/MV5BMWZiMTVmMjEtYjQ4MS00YzE4LThmMGYtYTE3ZjhhZmQ2NmMwXkEyXkFqcGc@._V1_QL75_UX190_CR0,UFnCJs
B: The Beginning,2018–2021,18 eps,"In this anime series, scientists hope ""new humans"" will create universal peace, but they're kidnapped by an evil group with very different plans.",https://m.media-amazon.com/images/M/MV5BM2E1MzMyMzQtY2I2Mi00YWRiLWE2MzUtNzZiZDY5YTNlOTVlXkEyXkFqcGc@._V1_QL75_UY281_CR5,USUEV7
The Misfit of Demon King Academy,2020–2024,37 eps,"Tired of endless war, Demon King Anos decides to be reincarnated into a peaceful future. Enrolling in school, he doesn't get the welcome he hoped for.",https://m.media-amazon.com/images/M/MV5BY2MzZGVhZTgtNWZlYi00NGI5LTk5N2QtYTkzMzNkMWM0NjBhXkEyXkFqcGc@._V1_QL75_UY281_CR7,hf696c
Redo of Healer,2021,12 eps,"Keyaru is a healing magician who is abused repeatedly by others. Using his healing magic, he goes back four years into the past to get revenge on the ones who abused him.",https://m.media-amazon.com/images/M/MV5BYzYzMDM3NGYtZTIwZS00N2UxLWExYzItYmQ1ZTRiOWNjMmYzXkEyXkFqcGc@._V1_QL75_UY281_CR5,iKzoPk
Kite,1998,2 eps,"A young girl, orphaned at an early age, carries out assassinations at the behest of her mentor.",https://m.media-amazon.com/images/M/MV5BOTRhN2ViMDItODQwYy00YzQ0LTliMDMtM2MyYTljNDYzNDI1XkEyXkFqcGc@._V1_QL75_UX190_CR0,4IbxoJ
Inuyashiki,2017,11 eps,A middle-aged office worker encounters aliens and is gifted with alien technology and limitless powers.,https://m.media-amazon.com/images/M/MV5BMDU1ZjJjZGMtM2FiNy00ODk5LWI1YTctNDQ5Y2NkMTg3OGU1XkEyXkFqcGc@._V1_QL75_UY281_CR4,OcRGs0
Miss Kobayashi's Dragon Maid,2017–2022,50 eps,"Office worker Kobayashi's boring life changes after she drunkenly saves a dragon. To pay her back, Tohru takes human form and becomes her maid.",https://m.media-amazon.com/images/M/MV5BZTM2MmRjOTYtMTgwNS00NDUyLTk0Y2YtNTZkMjZkOTE0OTdlXkEyXkFqcGc@._V1_QL75_UY281_CR6,SKAACd
Yu-Gi-Oh! GX,2004–2008,180 eps,"A semi-spinoff of the popular Yu-Gi-Oh anime series, focusing on a boy named Jaden and his misadventures as a student at an esteemed Duel Monsters academy.",https://m.media-amazon.com/images/M/MV5BNzc1Y2JhY2EtMWZjZS00MmNhLWFlYTktMGM5NGYwNmIyYmUzXkEyXkFqcGc@._V1_QL75_UX190_CR0,9lBDAO
Gungrave,2003–2004,26 eps,"Brandon, a passive man, lives a laid-back life until his friends are murdered. He joins the mafia to be near Maria, the woman he loves, enduring hardships but willing to risk everything to be with her.",https://m.media-amazon.com/images/M/MV5BZjAzMTQxYmUtN2Q4Yy00NTJkLWFiZGItYmNhZjUzOGUxOTk3XkEyXkFqcGc@._V1_QL75_UX190_CR0,UOdmqO
Kamisama Kiss,2012–2016,31 eps,"Nanami is left homeless after her father runs away due to debts. When she saves a man named Mikage from dogs, he gives her his house which turns out to be a shrine and she becomes the new deity.",https://m.media-amazon.com/images/M/MV5BYjQ2NWQ0Y2UtYzU5Yi00ZjI2LWE2MDEtMjRhZDNlZWJhOWQ3XkEyXkFqcGc@._V1_QL75_UY281_CR2,Mo4Trk
The Pet Girl of Sakurasou,2012–2013,24 eps,Sorata is a normal student living in an abnormal dorm and he wants desperately to escape. But his plans are put on hold when a new student moves in. Attentions stray and sanity frays as the housebreaking continues in Pet Girl of Sakurasou.,https://m.media-amazon.com/images/M/MV5BZTZkODA3NjUtOWYyNC00MTYzLWJmZWItYzgzYWMzYTJkNWI2XkEyXkFqcGc@._V1_QL75_UY281_CR2,5NnWFq
My Happy Marriage,2023–,13 eps,"An unhappy young woman from an abusive family is married off to a fearsome and chilly army commander. But the two learn more about each other, love may have a chance.",https://m.media-amazon.com/images/M/MV5BN2JhOGMzODAtNWY4Ny00MWEyLWE0MGQtYTNiMWYyZmU5ZGQ4XkEyXkFqcGc@._V1_QL75_UX190_CR0,S5ftQD
Bocchi the Rock!,2022,12 eps,"Hitori ""Bocchi-chan"" Gotoh is a lonely high school girl whose heart lies in her guitar. One day, she meets Nijika Ijichi and joins 'Kessoku Band'. After that, her daily life starts to change little by little.",https://m.media-amazon.com/images/M/MV5BNGY0NGM5N2UtNzU5MS00MDAwLWFmMWEtZjE4N2Q0Y2M4YjNjXkEyXkFqcGc@._V1_QL75_UY281_CR11,mXNlaW
Doraemon,1979–2005,2338 eps,Doraemon is a robotic cat that comes from the 22nd century. He comes to 20th century and stays with Nobi Family. The Nobis love Doraemon very much. So Doraemon always help the Nobis with the devices from 22nd century.,https://m.media-amazon.com/images/M/MV5BOTE4ZjlkOWYtZDViYy00ZmZlLTkyMmQtZjNiNTBjMzBiNDA0XkEyXkFqcGc@._V1_QL75_UY281_CR4,0l1mGs
Yona of the Dawn,2014–2015,24 eps,"After being betrayed and run out of her home, the red-haired Princess Yona searches for four legendary dragons to take back her stolen kingdom.",https://m.media-amazon.com/images/M/MV5BNGJmN2JlMzAtZTUzZi00NDhkLTgyMDItY2M4ZjEzN2I1Njk4XkEyXkFqcGc@._V1_QL75_UX190_CR0,0utcVL
Legend of the Galactic Heroes,1988–1997,110 eps,"Various people, especially two rising commanders, cope with a massive continual space conflict between two interstellar nations.",https://m.media-amazon.com/images/M/MV5BM2UxMDkxM2ItYTNmNS00MjJjLWEyZDQtOTdhNDRhMTg1ZTgwXkEyXkFqcGc@._V1_QL75_UX190_CR0,9pjou5
Given,2019,11 eps,"Ritsuka was ready to give up on music until he met Mafuyu Satou; now Mafuyu is taking guitar lessons from Ritsuka, who, after hearing Mafuyu's strikingly beautiful voice, hopes to make him the lead singer of his band.",https://m.media-amazon.com/images/M/MV5BMWI1OWY1NzgtZTg3MS00NjJjLWIxMGQtMzAzNGFlNmMxNTExXkEyXkFqcGc@._V1_QL75_UX190_CR0,0f5Kfy
Tonari no kaibutsu-kun,2012,13 eps,"Shizuku, a hardworking student who isn't interested in socializing, finds an unlikely friend, Haru, an emotionally volatile boy at her school.",https://m.media-amazon.com/images/M/MV5BYzg1MTU3MWMtYjJlNi00YzQ2LTg3YTUtMTM1NzY4Y2Y5MDdiXkEyXkFqcGc@._V1_QL75_UY281_CR6,oPXrow
Spice and Wolf,2008–2009,26 eps,"Kraft Lawrence goes from town to town to make profits as a travelling merchant, with the help of a wolf deity by the name of Holo.",https://m.media-amazon.com/images/M/MV5BYTc0NmRhNDEtMjJkMy00NzJlLWE4ODctM2ZiMTAxMDA0YmU3XkEyXkFqcGc@._V1_QL75_UY281_CR4,FBZPNV
Tekken: Bloodline,2022,6 eps,Follow Jin Kazama and his fight to become one of the best fighters in the King of the Iron Fist tournament.,https://m.media-amazon.com/images/M/MV5BZmM3MTc2ODUtZGZkMS00ZWQ2LWEwNWEtOGRkMGI5NmZhY2RhXkEyXkFqcGc@._V1_QL75_UX190_CR0,RmsFtN
"Love, Chunibyo & Other Delusions",2012–2014,26 eps,"Yuuta suffered from ""chuunibyou"" while he was in middle school. When he graduated, he try to forgot about it but he accidentally got into a contract with Rikka and disrupts his desperately ordinary life.",https://m.media-amazon.com/images/M/MV5BNzI5YzgyMjMtZmU3Zi00OGJjLTgzYjktMDM5YmQ5NGQxNDJiXkEyXkFqcGc@._V1_QL75_UX190_CR0,zLCpYZ
Future Boy Conan,1978,26 eps,"Long after a devastating war almost destroyed the entire world, a boy with superhuman strength fights to save his friends from those who seek to conquer what is left of civilization.",https://m.media-amazon.com/images/M/MV5BZGExZWQ4MWYtZDQzZC00YjI4LWI1OTItMGJjMGEyNTU3MDRiXkEyXkFqcGc@._V1_QL75_UX190_CR0,Hw1Vqv
The Tatami Galaxy,2010,11 eps,"When a nameless student at Kyoto University encounters a demigod one night, he asks to relive the past three years in order to win the heart of Ms. Akashi, the object of his affection.",https://m.media-amazon.com/images/M/MV5BYjQxNDU2Y2ItM2VjYi00MGI2LTg3NTYtY2Y0YzU4Y2UwMmUxXkEyXkFqcGc@._V1_QL75_UY281_CR4,no1ami
Ping Pong the Animation,2014,11 eps,Five ping pong prodigies learn to navigate the harsh climate of competitive sport and the even more frightening realm of self realization.,https://m.media-amazon.com/images/M/MV5BNmYzMDRkMmYtZjNiZS00ZGVlLWI2NWQtMjc2NTE1OThmZTBiXkEyXkFqcGc@._V1_QL75_UY281_CR4,cbUeuR
"Don't Toy with Me, Miss Nagatoro",2021–2023,24 eps,"High schooler Hayase Nagatoro loves to spend her free time doing one thing, and that is to bully her Senpai. After Nagatoro and her friends stumble upon the aspiring artist's drawings, they find enjoyment in mercilessly bullying the timid Senpai.",https://m.media-amazon.com/images/M/MV5BZjNhM2I2YTMtYzA1MC00NTljLWJhZjQtY2JmNmZlZjZlMmI0XkEyXkFqcGc@._V1_QL75_UX190_CR0,rDUf5S
SK8 the Infinity,2021,13 eps,"High school sophomore and hardcore skater Reki introduces transfer student Langa to a secret, no-holds-barred race down an abandoned mine.",https://m.media-amazon.com/images/M/MV5BMjA1YzRjYjAtZDEwZC00NTVkLTk2MWUtYzNmNzcxMDhhMWMwXkEyXkFqcGc@._V1_QL75_UY281_CR4,ZtrV0X
Golden Time,2013–2014,24 eps,"With freshmen law students Banri and Mitsuo, it's friendship at first sight. But trouble gets stirred up with talk of a fiancé.",https://m.media-amazon.com/images/M/MV5BNGI0YjdmNGYtZTQ0OC00OWUzLTg2NWMtMjFhNGI1Y2IxNzdmXkEyXkFqcGc@._V1_QL75_UX190_CR0,0Hzvdl
Mobile Suit Gundam Wing,1995–1996,49 eps,A squadron of giant robot pilots of a beleaguered Earth colony bring the war to their oppressive home planet.,https://m.media-amazon.com/images/M/MV5BMDk4N2UzZDMtNGEwZC00MTgzLTg5NTQtODU4Yzg0ZjYzNzk2XkEyXkFqcGc@._V1_QL75_UY281_CR5,Zt6Qf9
Log Horizon,2013–2021,62 eps,"30,000 Japanese players trapped in MMORPG, unable to log out. Veteran gamer Shiroe leads exploration of this new reality, negotiating with NPCs to bring order to the virtual city of Akihabara.",https://m.media-amazon.com/images/M/MV5BOTk2MzEwZWItYTlhYS00ZjcwLTk5N2YtOWFkYmRlYTJkOWY4XkEyXkFqcGc@._V1_QL75_UY281_CR6,sRrq4g
Blood+,2005–2006,50 eps,"In present day Okinawa, a young amnesiac girl named Saya combats vicious, shape-shifting vampires. Her adoptive family and friends help her track down their source and uncover her past.",https://m.media-amazon.com/images/M/MV5BYTFlZjQ5N2MtNzgxYi00N2Q0LTlkNTAtNGI2ZTc1MDQ1NWRjXkEyXkFqcGc@._V1_QL75_UY281_CR4,wKOwgi
TONIKAWA: Over the Moon for You,2020–2023,31 eps,A Young Prodigy accepts a Sudden Proposal from a Mysterious Woman who he falls in love with after she saves him from a Near-Death Experience.,https://m.media-amazon.com/images/M/MV5BY2U0ZjE1ZGYtMmI0Mi00MGI5LTk2Y2YtNWNjNmQ1NWFiY2Y5XkEyXkFqcGc@._V1_QL75_UY281_CR6,4Wu5OY
Btooom!,2012,12 eps,A young man gets transported into a video game he plays called Btooom. A plot is uncovered involving an organization that aims to conquer the world by dominating the virtual world.,https://m.media-amazon.com/images/M/MV5BN2M4MGU5MTQtNDEwMi00NjMxLWEwM2MtYTc1YTQ4ZDA2ZDM3XkEyXkFqcGc@._V1_QL75_UX190_CR0,pOYHG6
Magi: The Labyrinth of Magic,2012–2014,50 eps,"Aladdin, Alibaba, and Morgiana go their separate ways after spending time together in Sindria to develop their own strengths, make new friends and prepare for what is coming.",https://m.media-amazon.com/images/M/MV5BN2Y2Yjc4MTgtOWU5OC00ZGJkLWJhYmQtOTA4MWY4ZTg1NDRhXkEyXkFqcGc@._V1_QL75_UY281_CR16,zG9f5x
How NOT to Summon a Demon Lord,2018–2021,22 eps,An elite player is summoned by two maidens to save a fantasy game.,https://m.media-amazon.com/images/M/MV5BMDE1NzZlNTUtZWJmYi00ZTUwLTg0MDQtOWIzZmI2MzdiOTk2XkEyXkFqcGc@._V1_QL75_UX190_CR0,zWEdnF
Orange,2016,13 eps,"High school student Naho Takamiya receives a letter from her future self that warns her to avoid mistakes she will make involving a new transfer student, Kakeru Naruse, a troubled boy whom she meets and begins to fall in love with.",https://m.media-amazon.com/images/M/MV5BZDFiMTFkOWItMTY3ZC00M2VhLWE5ZGUtNWVlMTc5ZWRiODNlXkEyXkFqcGc@._V1_QL75_UY281_CR5,4wBLQM
Baki Hanma,2021–2023,39 eps,"To gain the skills he needs to surpass his powerful father, Baki enters Arizona State Prison to take on the notorious inmate known as Mr. Unchained.",https://m.media-amazon.com/images/M/MV5BZmEyNWU5MzgtNThhMy00YmUwLThiZmEtMTI4OTk1NTI1NmRmXkEyXkFqcGc@._V1_QL75_UY281_CR5,y2GQjt
Wotakoi: Love is Hard for Otaku,2018–2021,14 eps,A gaming otaku and a fujoshi reunite for the first time since middle school at work.,https://m.media-amazon.com/images/M/MV5BZDY3MTc2YzMtMWM5Ny00Y2M3LTkxOTEtNzdmYWNmZDczOTE5XkEyXkFqcGc@._V1_QL75_UY281_CR6,nrDC7Y
Moomin,1990–1992,104 eps,The eerie and charming animated adventures of a creature called Moomin and his friends and family.,https://m.media-amazon.com/images/M/MV5BNzhkMzM1OGQtMmFhNy00NDI2LThiZDgtY2YyMGQ1NWM1NWFiXkEyXkFqcGc@._V1_QL75_UY281_CR1,8nLVvG
Chivalry of a Failed Knight,2015,13 eps,"Ikki Kurogane struggles as the worst Blazer, only able to materialize his soul into a weak weapon. His dreams of becoming a Magical Knight are shattered when he meets Princess Stella Vermillion, altering his life's path.",https://m.media-amazon.com/images/M/MV5BOWQ4Mzc2MTktNzVmMC00N2RiLWI2ZTctZTI2NzFkOGIxYjkxXkEyXkFqcGc@._V1_QL75_UX190_CR0,veJv6D
Chobits,2002–2003,27 eps,"Hideki finds the discarded and malfunctioning Persocom Chi, a personal computer that looks like a girl. While trying to fix and care for Chi, Hideki discovers that she might be a Chobits, a robot of urban legend that has free will.",https://m.media-amazon.com/images/M/MV5BNmM4NTAxOTEtODJhNi00NDAxLWE3M2ItODRlZTc1NjU0ZTBjXkEyXkFqcGc@._V1_QL75_UX190_CR0,r1j1oW
Space Dandy,2014,26 eps,"The cosmic and comic adventures of Space Dandy, a handsome space explorer tasked to tour the universe and discover new alien beings.",https://m.media-amazon.com/images/M/MV5BYTc3Zjc3OTktNTQ4Yy00NjQxLWI5NmEtZjU5Yzk2OWQ4ODZlXkEyXkFqcGc@._V1_QL75_UY281_CR4,BrVxRt
K-On!,2009–2010,41 eps,"K-ON is about 5 high school girls who become friends through the Light Music Club. Yui the lead guitarist, Tsumugi the keyboardist, Mio the bassist, Azusa the rhythm guitarist, and Ritsu the drummer. K-ON is the story of 5 aspiring musicians and their journey through high school together.",https://m.media-amazon.com/images/M/MV5BNjRjYTc2ZDctNTlhNS00NTdiLTllNjItMWNjMzlmNWQ2MGEwXkEyXkFqcGc@._V1_QL75_UY281_CR4,swlHKH
Knights of Sidonia,2014–2015,24 eps,"A thousand years after the destruction of Earth by gigantic aliens called Gauna, mankind is living on massive spaceships. One of these space ships is Sidonia, which is protected by large pilot controlled exosuits called Gardes.",https://m.media-amazon.com/images/M/MV5BZjUwNjUwNTYtZmVmMy00ZmI5LTg4ZWUtZjFmYTA0M2Y0MDg4XkEyXkFqcGc@._V1_QL75_UY281_CR5,jdnbvk
D.Gray-man,2006–2008,104 eps,"Young Allen Walker, an exorcist, fights Akuma to save the world.",https://m.media-amazon.com/images/M/MV5BNzNlYzc0MDUtMDFhNi00ZDI3LThjMTctYjA4MjY0ZDg3MjUyXkEyXkFqcGc@._V1_QL75_UY281_CR4,W4B66U
Maya,1975–1980,104 eps,The story of a young bee named Maya and her adventures.,https://m.media-amazon.com/images/M/MV5BMTU5MDY0OTE3MV5BMl5BanBnXkFtZTcwNjYwODgxMQ@@._V1_QL75_UX190_CR0,xNShJL
Domestic Girlfriend,2019,12 eps,The daily life of high-school student Natsuo is heavily complicated after his single father marries the mother of his teacher crush Hina Tachibana and her sister Rui - who he had shared his first experience with with at a preceding mixer.,https://m.media-amazon.com/images/M/MV5BYmQyNWI1ZTgtMTgzNC00ZGIyLTg3NWMtZmM2ZjMzNTNjOTU5XkEyXkFqcGc@._V1_QL75_UY281_CR1,vMoQgB
Dandadan,2024–,12 eps,"When Momo and Okarun's beliefs clash, they're thrown into a world of ghosts, aliens and awakened powers.",https://m.media-amazon.com/images/M/MV5BYWFhOWMxNTYtZThiMi00ZmQ5LTlmODktN2QwNzUyZjMyZGQzXkEyXkFqcGc@._V1_QL75_UY281_CR5,69htPy
Uzumaki,2024,4 eps,"The population of Kurouzu is slowly driven mad by their growing obsessions with spiral shapes, finding them everywhere with shocking and horrifying results.",https://m.media-amazon.com/images/M/MV5BNzc3OGYwMWEtNDVjYS00MGI3LWIzOGMtZTQ2NjQ3Njk3MzAyXkEyXkFqcGc@._V1_QL75_UX190_CR0,cvNGEF
Arifureta: From Commonplace to World's Strongest,2019–2024,39 eps,Hajime Nagumo and his high-school classmates are suddenly summoned to a fantastical land as heroes.,https://m.media-amazon.com/images/M/MV5BMTBmMGI0ZDMtMDA3Zi00OTFiLTk4YTktNzAzZjAzNjJjMWVkXkEyXkFqcGc@._V1_QL75_UY281_CR5,CBzizJ
Grand Blue Dreaming,2018–2025,13 eps,"A college student spends his year at the seaside town of Izu, having fun on the beach with his school friends.",https://m.media-amazon.com/images/M/MV5BYWVjMDk1ZTAtOWFkZi00NjgxLWJhODAtNGM0ZmI1YWM3YTFmXkEyXkFqcGc@._V1_QL75_UY281_CR5,DA5229
Kotaro Lives Alone,2022,10 eps,A lonely little boy moves into a ramshackle apartment building all on his own and makes friends with the broke manga artist who lives next door.,https://m.media-amazon.com/images/M/MV5BOWViYWUzNWQtZjQ0OC00MjU5LTg1YjAtZjI0OGYxMmI4OTAyXkEyXkFqcGc@._V1_QL75_UX190_CR0,D8E20V
The Vision of Escaflowne,1996,26 eps,Girl with psychic powers transported to magical Gaea. She and friends face attack by evil Zaibach empire. Guymelf Escaflowne holds the key.,https://m.media-amazon.com/images/M/MV5BZmY1OTk3YTAtMmNlOC00YjA3LThiZmYtYTY0OTVhNjRhMTRlXkEyXkFqcGc@._V1_QL75_UY281_CR1,m7Kxk7
Saga of Tanya the Evil,2017–,14 eps,"A girl with blond hair, blue eyes, and porcelain skin fights on the front lines of a brutal war and climbs the ranks of the imperial army.",https://m.media-amazon.com/images/M/MV5BNjQyNDAyZTgtNzkzMS00ZTAwLWFjYjYtMWRlZmQwYzMyYjdkXkEyXkFqcGc@._V1_QL75_UX190_CR0,Rj5rzr
Basilisk: The Kouga Ninja Scrolls,2005,24 eps,"In 1614, two rival ninja clans back opposing sons of Hidetada Tokugawa for the shogunate. They send their finest warriors to battle to the death, with the victor's clan ruling for a millennium.",https://m.media-amazon.com/images/M/MV5BZDEwMjU1YjUtOWRiMS00MTQ2LTk5NGMtNDg3ZWEyYWVkOWMwXkEyXkFqcGc@._V1_QL75_UY281_CR4,ZxSdSf
Samurai 7,2004,26 eps,"A small village gets raided by bandits every harvest season. The villagers can't take it anymore, and decide to recruit samurais to defend them in exchange for rice. Will the villagers find who would defend them from the bandits?",https://m.media-amazon.com/images/M/MV5BYjVhMmRjMjYtNmFhYy00ZGQ2LTg1YWItNmMwNzBkZGFhZDk4XkEyXkFqcGc@._V1_QL75_UX190_CR0,7sQA3W
High-Rise Invasion,2021,12 eps,"High schooler Yuri finds herself atop a skyscraper in a strange world, where she must survive against masked assailants bent on killing their prey.",https://m.media-amazon.com/images/M/MV5BNmYxZTU0NzYtM2NlNC00YTVkLTg4ZDYtNzkxNjM1Yzg5Y2NmXkEyXkFqcGc@._V1_QL75_UY281_CR1,RK11FS
Barakamon,2014,12 eps,"A proud young calligrapher is punished for punching a critic by being sent to a faraway island in the east coast of Japan. But as he meets and lives with the island's friendly people, his attitude begins to improve.",https://m.media-amazon.com/images/M/MV5BMzdkYTgzZDctMGQ3OS00NWJlLTk1Y2ItYzZhNzIwOGM0YTU3XkEyXkFqcGc@._V1_QL75_UY281_CR12,dighaq
